Inches,ScreenResolution,Cpu,Ram,Weight,TouchScreen,HDD,SSD,SSHD,FStorage,2 in 1 Convertible,Gaming,Netbook,Notebook,Ultrabook,Workstation,Android,Chrome OS,Linux,Mac OS X,No OS,Windows 10,Windows 10 S,Windows 7,macOS,LaptopPrice
13.3,11,15,8,1.37,0,0,128,0,0,0,0,0,0,1,0,0,0,0,0,0,0,0,0,1,117893
13.3,2,15,8,1.34,0,0,0,0,128,0,0,0,0,1,0,0,0,0,0,0,0,0,0,1,79107
15.6,4,15,8,1.86,0,0,256,0,0,0,0,0,1,0,0,0,0,0,0,1,0,0,0,0,50600
15.4,12,16,16,1.83,0,0,512,0,0,0,0,0,0,1,0,0,0,0,0,0,0,0,0,1,223296
13.3,11,15,8,1.37,0,0,256,0,0,0,0,0,0,1,0,0,0,0,0,0,0,0,0,1,158717
15.6,1,5,4,2.1,0,500,0,0,0,0,0,0,1,0,0,0,0,0,0,0,1,0,0,0,35200
15.4,12,16,16,2.04,0,0,0,0,256,0,0,0,0,1,0,0,0,0,1,0,0,0,0,0,188317
13.3,2,15,8,1.34,0,0,0,0,256,0,0,0,0,1,0,0,0,0,0,0,0,0,0,1,101966
14.0,4,16,16,1.3,0,0,512,0,0,0,0,0,0,1,0,0,0,0,0,0,1,0,0,0,131560
14.0,4,15,8,1.6,0,0,256,0,0,0,0,0,0,1,0,0,0,0,0,0,1,0,0,0,67760
15.6,1,15,4,1.86,0,500,0,0,0,0,0,0,1,0,0,0,0,0,0,1,0,0,0,0,34663
15.6,4,14,4,1.86,0,500,0,0,0,0,0,0,1,0,0,0,0,0,0,1,0,0,0,0,30359
15.4,12,16,16,1.83,0,0,256,0,0,0,0,0,0,1,0,0,0,0,0,0,0,0,0,1,214717
15.6,4,14,4,2.2,0,0,256,0,0,0,0,0,1,0,0,0,0,0,0,0,1,0,0,0,43903
12.0,7,11,8,0.92,0,0,256,0,0,0,0,0,0,1,0,0,0,0,0,0,0,0,0,1,111091
13.3,11,15,8,1.37,0,0,256,0,0,0,0,0,0,1,0,0,0,0,0,0,0,0,0,1,133632
15.6,4,16,8,2.2,0,0,256,0,0,0,0,0,1,0,0,0,0,0,0,0,1,0,0,0,65560
15.4,12,16,16,1.83,0,0,512,0,0,0,0,0,0,1,0,0,0,0,0,0,0,0,0,1,251504
15.6,4,14,8,2.2,0,1000,0,0,0,0,0,0,1,0,0,0,0,0,0,1,0,0,0,0,43912
13.3,4,15,8,1.22,1,0,128,0,0,0,0,0,0,1,0,0,0,0,0,0,1,0,0,0,86152
11.6,1,9,2,0.98,0,0,0,0,32,0,0,1,0,0,0,0,0,0,0,0,1,0,0,0,16887
15.6,4,15,8,2.5,0,1000,128,0,0,0,1,0,0,0,0,0,0,0,0,0,1,0,0,0,87912
15.6,1,6,4,1.86,0,500,0,0,0,0,0,0,1,0,0,0,0,0,0,1,0,0,0,0,22704
13.3,4,15,8,1.62,1,0,256,0,0,1,0,0,0,0,0,0,0,0,0,0,1,0,0,0,72072
15.6,4,16,8,1.91,0,0,256,0,0,0,0,0,0,1,0,0,0,0,0,0,1,0,0,0,57992
15.6,1,14,4,2.3,0,1000,0,0,0,0,0,0,1,0,0,0,0,0,0,0,1,0,0,0,36840
13.3,2,15,8,1.35,0,0,0,0,128,0,0,0,0,1,0,0,0,0,1,0,0,0,0,0,96712
15.6,4,15,8,2.2,0,0,256,0,0,0,0,0,1,0,0,0,0,0,0,0,1,0,0,0,70400
15.6,4,16,8,1.88,0,0,512,0,0,0,0,0,0,1,0,0,0,0,0,0,1,0,0,0,114224
17.3,4,15,8,2.5,0,1000,0,0,0,0,0,0,1,0,0,0,0,0,0,0,1,0,0,0,78848
15.6,4,9,4,1.89,0,0,0,0,64,0,0,0,1,0,0,0,0,0,0,0,1,0,0,0,21559
14.0,1,6,2,1.65,0,0,0,0,32,0,0,0,1,0,0,0,0,0,0,0,1,0,0,0,17512
17.3,4,3,4,2.71,0,500,0,0,0,0,0,0,1,0,0,0,0,0,0,0,1,0,0,0,38632
13.3,13,16,16,1.2,1,0,512,0,0,0,0,0,0,1,0,0,0,0,0,0,1,0,0,0,164472
13.3,2,15,8,1.35,0,0,0,0,256,0,0,0,0,1,0,0,0,0,1,0,0,0,0,0,87824
14.0,1,10,4,1.44,0,0,0,0,64,0,0,0,1,0,0,0,0,0,0,0,1,0,0,0,21912
15.6,1,14,4,2.1,0,1000,0,0,0,0,0,0,1,0,0,0,0,1,0,0,0,0,0,0,32296
17.3,4,15,8,2.8,0,1000,128,0,0,0,0,0,1,0,0,0,0,0,0,0,1,0,0,0,86152
15.6,1,15,4,1.86,0,1000,0,0,0,0,0,0,1,0,0,0,0,0,0,0,1,0,0,0,43005
15.6,4,15,8,2.1,0,0,256,0,0,0,0,0,1,0,0,0,0,0,0,0,1,0,0,0,77352
15.6,4,14,4,2.0,0,1000,0,0,0,0,0,0,1,0,0,0,0,1,0,0,0,0,0,0,34232
15.6,4,16,16,2.65,0,1000,256,0,0,0,1,0,0,0,0,0,0,0,0,0,1,0,0,0,131912
15.6,1,15,8,2.3,0,1000,0,0,0,0,0,0,1,0,0,0,0,1,0,0,0,0,0,0,46023
15.6,4,15,4,2.2,0,0,256,0,0,0,0,0,1,0,0,0,0,0,0,0,1,0,0,0,60016
17.3,4,15,12,2.77,1,1000,0,0,0,1,0,0,0,0,0,0,0,0,0,0,1,0,0,0,87912
13.3,11,15,8,1.37,0,0,256,0,0,0,0,0,0,1,0,0,0,0,0,0,0,0,0,1,124872
15.6,1,14,4,2.2,0,0,128,0,0,0,0,0,1,0,0,0,0,0,0,1,0,0,0,0,32472
17.3,4,8,8,3.2,0,1000,256,0,0,0,1,0,0,0,0,0,0,0,0,0,1,0,0,0,114312
15.6,4,15,4,2.3,0,0,256,0,0,0,0,0,1,0,0,0,0,0,0,0,1,0,0,0,56232
17.3,1,12,4,2.8,0,1000,0,0,0,0,0,0,1,0,0,0,0,0,0,0,1,0,0,0,41008
10.1,5,9,4,0.69,1,0,0,0,64,1,0,0,0,0,0,1,0,0,0,0,0,0,0,0,28072
15.6,4,16,8,2.2,0,0,256,0,0,0,0,0,1,0,0,0,0,0,0,0,1,0,0,0,74008
15.6,4,3,4,1.86,0,0,256,0,0,0,0,0,1,0,0,0,0,0,0,0,1,0,0,0,35067
13.3,4,16,8,1.49,0,0,512,0,0,0,0,0,1,0,0,0,0,0,0,0,1,0,0,0,97064
15.6,1,14,4,2.4,0,1000,0,0,0,0,0,0,1,0,0,0,0,0,0,0,1,0,0,0,33792
15.6,4,16,8,2.13,0,0,256,0,0,0,0,0,1,0,0,0,0,0,0,0,1,0,0,0,67566
15.6,4,14,4,1.91,0,0,128,0,0,0,0,0,1,0,0,0,0,0,0,0,1,0,0,0,38632
15.6,1,15,4,2.0,0,0,256,0,0,0,0,0,1,0,0,0,0,0,0,0,1,0,0,0,51585
17.3,4,16,16,2.43,0,2000,256,0,0,0,1,0,0,0,0,0,0,0,0,0,1,0,0,0,215512
15.6,4,14,4,2.0,0,0,256,0,0,0,0,0,1,0,0,0,0,1,0,0,0,0,0,0,36520
17.3,4,16,16,2.8,0,2000,256,0,0,0,0,0,1,0,0,0,0,0,0,0,1,0,0,0,114312
14.0,4,15,8,1.7,0,0,256,0,0,0,0,0,0,1,0,0,0,0,0,0,1,0,0,0,77352
14.0,4,14,8,1.7,0,0,256,0,0,0,0,0,1,0,0,0,0,0,0,1,0,0,0,0,52712
14.0,4,15,8,1.4,0,0,256,0,0,0,0,0,1,0,0,0,0,0,0,0,1,0,0,0,82808
15.6,4,15,8,1.86,0,0,256,0,0,0,0,0,1,0,0,0,0,0,0,0,1,0,0,0,60720
15.6,4,16,16,1.8,0,0,512,0,0,0,0,0,0,1,0,0,0,0,0,0,1,0,0,0,174504
15.6,1,14,4,1.86,0,500,0,0,0,0,0,0,1,0,0,0,0,0,0,0,1,0,0,0,38605
14.0,1,10,4,1.44,0,0,32,0,0,0,0,0,1,0,0,0,0,0,0,0,1,0,0,0,20152
15.6,4,15,4,1.9,0,1000,0,0,0,0,0,0,1,0,0,0,0,0,0,0,1,0,0,0,48312
17.3,4,16,12,3.0,0,1000,0,0,0,0,1,0,0,0,0,0,0,1,0,0,0,0,0,0,83512
13.5,8,15,4,1.25,1,0,128,0,0,0,0,0,0,1,0,0,0,0,0,0,0,1,0,0,95832
13.3,4,16,8,1.4,0,0,256,0,0,0,0,0,0,1,0,0,0,0,0,0,1,0,0,0,84040
15.6,4,16,8,2.2,0,0,256,0,0,0,0,0,1,0,0,0,0,0,0,0,1,0,0,0,76560
17.3,4,15,8,2.7,0,1000,128,0,0,0,1,0,0,0,0,0,0,0,0,0,1,0,0,0,96360
14.0,1,14,8,2.1,0,1000,0,0,0,0,0,0,1,0,0,0,0,0,0,0,1,0,0,0,34232
15.6,4,16,8,2.2,0,1000,0,0,0,0,1,0,0,0,0,0,0,0,0,0,1,0,0,0,83512
15.6,4,15,8,2.2,0,2000,0,0,0,0,0,0,1,0,0,0,0,0,0,1,0,0,0,0,45672
15.6,4,16,8,2.02,0,1000,128,0,0,0,0,0,1,0,0,0,0,0,0,0,1,0,0,0,75240
15.6,4,14,4,2.2,0,1000,0,0,0,0,0,0,1,0,0,0,0,0,0,0,1,0,0,0,46640
17.3,4,15,8,2.5,0,1000,128,0,0,0,0,0,1,0,0,0,0,0,0,0,1,0,0,0,85976
15.6,4,15,8,1.88,0,0,256,0,0,0,0,0,0,1,0,0,0,0,0,0,1,0,0,0,96462
12.0,7,15,8,0.92,0,0,512,0,0,0,0,0,0,1,0,0,0,0,0,0,0,0,0,1,132880
14.0,4,15,8,1.63,0,0,256,0,0,0,0,0,1,0,0,0,0,0,0,0,1,0,0,0,75680
15.6,4,3,4,2.2,0,0,128,0,0,0,0,0,1,0,0,0,0,0,0,0,1,0,0,0,35112
15.6,1,5,4,2.1,0,1000,0,0,0,0,0,0,1,0,0,0,0,0,0,0,1,0,0,0,34760
15.6,4,16,16,2.65,0,1000,128,0,0,0,1,0,0,0,0,0,0,0,0,0,1,0,0,0,118712
15.6,4,16,8,1.83,0,0,256,0,0,0,0,0,0,1,0,0,0,0,0,0,1,0,0,0,61512
15.6,4,15,8,1.96,0,0,256,0,0,0,0,0,1,0,0,0,0,0,0,0,1,0,0,0,52711
15.6,4,16,16,2.2,0,1000,128,0,0,0,1,0,0,0,0,0,0,0,0,0,1,0,0,0,127512
13.3,4,16,8,1.21,0,0,256,0,0,0,0,0,0,1,0,0,0,0,0,0,1,0,0,0,145112
15.6,4,7,8,2.45,0,1000,0,0,0,0,1,0,0,0,0,0,0,0,0,0,1,0,0,0,61512
15.6,4,16,8,2.2,0,1000,0,0,0,0,0,0,1,0,0,0,0,0,0,0,1,0,0,0,60632
13.3,4,16,16,1.49,0,0,512,0,0,0,0,0,1,0,0,0,0,0,0,0,1,0,0,0,105336
15.6,4,15,8,2.65,0,0,256,0,0,0,1,0,0,0,0,0,0,0,0,0,1,0,0,0,105160
14.0,4,16,8,1.25,0,0,256,0,0,0,0,0,0,1,0,0,0,0,0,0,1,0,0,0,92312
13.3,4,15,8,1.5,1,0,256,0,0,1,0,0,0,0,0,0,0,0,0,0,1,0,0,0,74536
15.6,4,16,8,2.2,0,1000,0,0,0,0,0,0,1,0,0,0,0,1,0,0,0,0,0,0,52791
15.6,4,14,4,2.2,0,0,256,0,0,0,0,0,1,0,0,0,0,1,0,0,0,0,0,0,42680
15.6,4,14,6,2.0,0,0,256,0,0,0,0,0,1,0,0,0,0,0,0,0,1,0,0,0,50776
15.6,4,16,12,2.62,0,1000,128,0,0,0,1,0,0,0,0,0,0,0,0,0,1,0,0,0,109912
15.6,4,16,8,1.91,0,0,256,0,0,0,0,0,1,0,0,0,0,0,0,0,1,0,0,0,63272
15.6,4,6,4,2.1,0,500,0,0,0,0,0,0,1,0,0,0,0,0,0,0,1,0,0,0,30712
15.6,4,15,8,2.2,0,1000,0,0,0,0,0,0,1,0,0,0,0,1,0,0,0,0,0,0,56936
13.3,4,16,8,1.38,0,0,256,0,0,0,0,0,0,1,0,0,0,0,0,0,1,0,0,0,98472
13.5,8,15,8,1.25,1,0,256,0,0,0,0,0,0,1,0,0,0,0,0,0,0,1,0,0,117920
14.0,4,15,6,1.58,0,0,256,0,0,0,0,0,1,0,0,0,0,0,0,0,1,0,0,0,57992
15.6,4,14,4,1.85,0,1000,0,0,0,0,0,0,1,0,0,0,0,0,0,0,1,0,0,0,36511
14.0,4,16,8,1.3,0,0,256,0,0,0,0,0,0,1,0,0,0,0,0,0,1,0,0,0,104984
15.6,4,16,16,2.2,0,1000,256,0,0,0,1,0,0,0,0,0,0,0,0,0,1,0,0,0,114312
14.0,4,16,8,1.58,0,0,256,0,0,0,0,0,1,0,0,0,0,0,0,0,1,0,0,0,130240
15.6,4,16,16,1.5,0,1000,256,0,0,0,0,0,0,1,0,0,0,0,0,0,1,0,0,0,111056
13.3,13,16,8,1.23,1,0,256,0,0,0,0,0,0,1,0,0,0,0,0,0,1,0,0,0,121352
13.3,4,15,8,1.37,1,0,256,0,0,1,0,0,0,0,0,0,0,0,0,0,1,0,0,0,123112
14.0,1,15,4,1.63,0,500,0,0,0,0,0,0,1,0,0,0,0,0,0,0,1,0,0,0,63536
13.3,4,15,8,1.21,0,0,256,0,0,0,0,0,0,1,0,0,0,0,0,0,1,0,0,0,143352
13.3,4,15,8,1.26,1,0,256,0,0,1,0,0,0,0,0,0,0,0,0,0,1,0,0,0,123111
14.0,4,16,8,1.63,0,0,512,0,0,0,0,0,1,0,0,0,0,0,0,0,1,0,0,0,95392
15.6,4,16,8,2.16,0,1000,256,0,0,0,0,0,1,0,0,0,0,0,0,0,1,0,0,0,99469
17.3,4,14,4,2.0,0,1000,0,0,0,0,0,0,1,0,0,0,0,0,0,0,1,0,0,0,49632
15.6,4,16,8,1.7,0,0,256,0,0,0,0,0,1,0,0,0,0,0,0,0,1,0,0,0,98384
15.6,4,14,6,2.1,1,1000,0,0,0,0,0,0,1,0,0,0,0,0,0,0,1,0,0,0,42152
15.6,4,16,16,1.8,0,2000,256,0,0,0,1,0,0,0,0,0,0,0,0,0,1,0,0,0,197252
15.6,4,15,8,2.2,0,0,256,0,0,0,0,0,1,0,0,0,0,0,0,1,0,0,0,0,55352
17.3,4,16,16,2.5,0,0,512,0,0,0,0,0,1,0,0,0,0,0,0,0,1,0,0,0,111848
15.6,1,5,4,2.1,0,0,256,0,0,0,0,0,1,0,0,0,0,0,0,0,1,0,0,0,39688
15.6,1,10,4,1.86,0,500,0,0,0,0,0,0,1,0,0,0,0,0,0,1,0,0,0,0,22792
14.0,4,15,8,1.63,0,1000,0,0,0,0,0,0,1,0,0,0,0,0,0,0,1,0,0,0,71456
14.0,1,6,4,1.65,0,0,64,0,0,0,0,0,1,0,0,0,0,0,0,0,0,1,0,0,24463
17.3,4,16,16,2.8,0,2000,256,0,0,0,0,0,1,0,0,0,0,0,0,0,1,0,0,0,122848
17.3,4,15,8,2.5,0,0,256,0,0,0,0,0,1,0,0,0,0,0,0,0,1,0,0,0,81664
15.6,1,15,8,2.36,0,1000,0,0,0,0,0,0,1,0,0,0,0,0,0,0,1,0,0,0,56231
15.6,4,14,4,2.2,0,1000,0,0,0,0,0,0,1,0,0,0,0,0,0,0,1,0,0,0,39512
14.0,4,16,8,1.6,0,0,256,0,0,0,0,0,0,1,0,0,0,0,0,0,1,0,0,0,77792
15.6,4,14,4,2.2,0,0,256,0,0,0,0,0,1,0,0,0,0,0,0,0,1,0,0,0,50336
15.6,1,16,8,2.05,0,1000,0,0,0,0,0,0,1,0,0,0,0,0,0,0,1,0,0,0,52624
14.0,4,16,8,1.63,0,0,256,0,0,0,0,0,1,0,0,0,0,0,0,0,1,0,0,0,86944
15.6,1,10,4,1.9,0,1000,0,0,0,0,0,0,1,0,0,0,0,0,0,1,0,0,0,0,22208
17.3,4,15,8,3.0,0,1000,128,0,0,0,1,0,0,0,0,0,0,0,0,0,1,0,0,0,82544
15.6,4,15,4,2.2,0,1000,0,0,0,0,0,0,1,0,0,0,0,0,0,1,0,0,0,0,43912
13.3,4,15,4,1.32,0,0,256,0,0,0,0,0,1,0,0,0,0,0,0,0,1,0,0,0,61512
17.3,4,14,4,3.0,0,1000,0,0,0,0,0,0,1,0,0,0,0,0,0,0,1,0,0,0,57640
14.0,4,15,8,1.75,0,0,256,0,0,0,0,0,1,0,0,0,0,0,0,0,1,0,0,0,98210
15.6,4,16,8,2.4,0,0,256,0,0,0,1,0,0,0,0,0,0,0,0,1,0,0,0,0,76472
15.6,1,15,4,2.1,0,500,0,0,0,0,0,0,1,0,0,0,0,0,0,0,1,0,0,0,52976
15.6,1,3,4,1.86,0,0,256,0,0,0,0,0,1,0,0,0,0,0,0,0,1,0,0,0,32472
14.0,4,16,8,1.25,0,0,256,0,0,0,0,0,0,1,0,0,0,0,0,0,1,0,0,0,96712
12.5,14,11,8,0.97,1,0,512,0,0,0,0,0,0,1,0,0,0,0,0,0,1,0,0,0,177232
15.6,4,10,4,2.0,0,1000,0,0,0,0,0,0,1,0,0,0,0,0,0,0,1,0,0,0,30272
17.3,4,16,16,2.9,0,1000,256,0,0,0,1,0,0,0,0,0,0,0,0,0,1,0,0,0,178552
15.6,1,14,4,2.1,0,1000,0,0,0,0,0,0,1,0,0,0,0,0,0,0,1,0,0,0,39336
15.6,4,16,16,2.56,0,0,512,0,0,0,1,0,0,0,0,0,0,0,0,0,1,0,0,0,109935
15.6,4,16,8,2.62,0,0,0,1000,0,0,1,0,0,0,0,0,0,0,0,0,1,0,0,0,79112
15.6,1,15,4,1.9,0,0,128,0,0,0,0,0,1,0,0,0,0,0,0,0,1,0,0,0,43824
17.3,4,16,16,2.8,0,1000,256,0,0,0,1,0,0,0,0,0,0,0,0,0,1,0,0,0,166320
14.0,4,15,4,1.48,0,0,256,0,0,0,0,0,0,1,0,0,0,0,0,0,1,0,0,0,95216
15.6,4,15,6,1.91,0,0,256,0,0,0,0,0,1,0,0,0,0,0,0,0,1,0,0,0,54472
14.0,4,14,4,1.74,1,0,256,0,0,1,0,0,0,0,0,0,0,0,0,0,1,0,0,0,55352
13.3,4,15,8,1.1,1,0,256,0,0,1,0,0,0,0,0,0,0,0,0,0,1,0,0,0,115720
15.6,4,16,8,1.56,1,0,256,0,0,1,0,0,0,0,0,0,0,0,0,0,1,0,0,0,92312
15.6,1,14,4,2.1,0,500,0,0,0,0,0,0,1,0,0,0,0,0,0,0,1,0,0,0,39336
15.6,1,5,4,2.03,0,1000,0,0,0,0,0,0,1,0,0,0,0,0,0,0,1,0,0,0,35464
17.3,4,15,4,3.0,0,0,256,0,0,0,0,0,1,0,0,0,0,0,0,0,1,0,0,0,70840
15.6,4,15,8,2.13,0,0,256,0,0,0,0,0,1,0,0,0,0,0,0,0,1,0,0,0,64064
15.6,4,16,16,2.5,0,0,256,0,0,0,1,0,0,0,0,0,0,0,0,0,1,0,0,0,94952
15.6,1,10,4,2.1,0,1000,0,0,0,0,0,0,1,0,0,0,0,0,0,0,1,0,0,0,30624
15.6,4,16,16,2.4,0,1000,256,0,0,0,1,0,0,0,0,0,0,0,0,0,1,0,0,0,158312
15.6,1,12,4,2.1,0,1000,0,0,0,0,0,0,1,0,0,0,0,0,0,0,1,0,0,0,31989
15.6,4,16,8,2.56,0,1000,128,0,0,0,1,0,0,0,0,0,0,0,0,0,1,0,0,0,93323
17.3,4,15,8,3.0,0,0,256,0,0,0,0,0,1,0,0,0,0,0,0,0,1,0,0,0,75152
13.3,4,15,4,1.49,0,500,0,0,0,0,0,0,1,0,0,0,0,0,0,0,1,0,0,0,66352
13.0,6,15,8,1.05,0,0,256,0,0,0,0,0,0,1,0,0,0,0,0,0,1,0,0,0,118712
17.3,4,15,6,2.71,0,2000,0,0,0,0,0,0,1,0,0,0,0,0,0,0,1,0,0,0,61512
15.6,1,3,4,2.2,0,500,0,0,0,0,0,0,1,0,0,0,0,0,0,1,0,0,0,0,27192
15.6,1,14,4,2.0,0,500,0,0,0,0,0,0,1,0,0,0,0,0,0,0,1,0,0,0,43032
17.3,4,15,8,2.5,0,0,256,0,0,0,0,0,1,0,0,0,0,0,0,0,1,0,0,0,81224
15.6,1,14,8,2.3,0,1000,0,0,0,0,0,0,1,0,0,0,0,0,0,0,1,0,0,0,40392
15.6,1,14,4,2.1,0,0,128,0,0,0,0,0,1,0,0,0,0,0,0,0,1,0,0,0,39512
18.4,4,16,32,4.4,0,1000,512,0,0,0,1,0,0,0,0,0,0,0,0,0,1,0,0,0,246312
15.6,4,15,8,1.9,0,1000,128,0,0,0,0,0,1,0,0,0,0,0,0,0,1,0,0,0,71544
13.3,14,15,8,1.29,1,0,256,0,0,1,0,0,0,0,0,0,0,0,0,0,1,0,0,0,131912
15.6,4,16,16,2.02,0,2000,256,0,0,0,0,0,1,0,0,0,0,1,0,0,0,0,0,0,92312
13.3,4,15,8,1.23,0,0,256,0,0,0,0,0,0,1,0,0,0,0,0,0,1,0,0,0,123112
13.9,14,16,16,1.4,1,0,512,0,0,1,0,0,0,0,0,0,0,0,0,0,1,0,0,0,162712
15.6,1,15,8,2.0,0,0,128,0,0,0,0,0,1,0,0,0,0,0,0,0,1,0,0,0,69784
15.6,4,15,8,1.95,0,0,256,0,0,0,0,0,1,0,0,0,0,0,0,1,0,0,0,0,105512
17.3,4,16,16,2.77,1,0,512,0,0,0,0,0,1,0,0,0,0,0,0,0,1,0,0,0,136312
15.6,14,16,16,2.06,1,0,512,0,0,0,0,0,1,0,0,0,0,0,0,0,1,0,0,0,210936
15.6,4,15,8,2.4,0,0,256,0,0,0,1,0,0,0,0,0,0,0,0,1,0,0,0,0,68552
13.3,4,15,8,1.12,0,0,256,0,0,0,0,0,0,1,0,0,0,0,0,0,1,0,0,0,87032
17.3,4,16,8,2.8,0,1000,128,0,0,0,0,0,1,0,0,0,0,0,0,0,1,0,0,0,95480
14.0,9,16,16,1.42,1,0,1000,0,0,1,0,0,0,0,0,0,0,0,0,0,1,0,0,0,248512
14.0,4,10,4,1.3,0,0,0,0,32,0,0,0,1,0,0,0,0,0,0,0,1,0,0,0,22880
13.3,4,15,8,1.3,0,0,256,0,0,0,0,0,0,1,0,0,0,0,0,1,0,0,0,0,87991
17.3,3,15,8,2.8,0,0,256,0,0,0,0,0,1,0,0,0,0,0,0,1,0,0,0,0,61424
13.3,4,16,8,1.62,1,1000,0,0,0,1,0,0,0,0,0,0,0,0,0,0,1,0,0,0,73832
17.3,4,15,8,2.5,0,1000,0,0,0,0,0,0,1,0,0,0,0,0,0,0,1,0,0,0,80432
17.3,14,16,32,3.49,1,0,1000,0,0,0,1,0,0,0,0,0,0,0,0,0,1,0,0,0,536712
13.3,4,15,8,1.49,0,0,512,0,0,0,0,0,1,0,0,0,0,0,0,0,1,0,0,0,84392
17.3,4,16,16,3.35,0,1000,256,0,0,0,1,0,0,0,0,0,0,0,0,0,1,0,0,0,121352
17.3,4,16,8,2.5,0,0,256,0,0,0,0,0,1,0,0,0,0,0,0,0,1,0,0,0,91960
15.6,14,16,16,2.65,0,1000,512,0,0,0,1,0,0,0,0,0,0,0,0,0,1,0,0,0,162360
15.6,1,15,4,2.1,0,0,128,0,0,0,0,0,1,0,0,0,0,0,0,0,1,0,0,0,43384
15.6,4,16,8,2.23,0,1000,0,0,0,0,0,0,1,0,0,0,0,0,0,0,1,0,0,0,65296
15.6,4,16,16,3.2,0,1000,512,0,0,0,1,0,0,0,0,0,0,0,0,0,1,0,0,0,153912
15.6,14,13,16,2.8,0,1000,256,0,0,0,0,0,0,0,1,0,0,0,0,0,1,0,0,0,268840
15.6,4,16,16,2.4,0,0,512,0,0,0,1,0,0,0,0,0,0,0,0,1,0,0,0,0,123024
15.6,1,14,6,2.3,1,1000,0,0,0,0,0,0,1,0,0,0,0,0,0,0,1,0,0,0,38632
13.3,14,16,8,1.21,1,0,256,0,0,0,0,0,0,1,0,0,0,0,0,0,1,0,0,0,171512
13.3,4,16,8,1.2,0,0,256,0,0,0,0,0,0,1,0,0,0,0,0,0,1,0,0,0,127512
15.6,1,15,8,2.2,0,0,256,0,0,0,0,0,1,0,0,0,0,0,0,0,1,0,0,0,52536
15.6,4,16,8,2.4,0,1000,0,0,0,0,0,0,1,0,0,0,0,1,0,0,0,0,0,0,68552
17.3,4,16,16,2.9,0,1000,256,0,0,0,1,0,0,0,0,0,0,0,0,0,1,0,0,0,123816
15.6,4,14,4,2.1,0,500,0,0,0,0,0,0,1,0,0,0,0,0,0,1,0,0,0,0,30712
15.6,4,15,8,2.2,0,0,256,0,0,0,0,0,1,0,0,0,0,0,0,1,0,0,0,0,48312
13.0,6,16,8,1.05,0,0,512,0,0,0,0,0,0,1,0,0,0,0,0,0,1,0,0,0,131912
13.3,4,16,8,1.4,0,0,256,0,0,0,0,0,0,1,0,0,0,0,0,0,1,0,0,0,82005
17.3,3,15,8,2.8,0,1000,0,0,0,0,0,0,1,0,0,0,0,0,0,1,0,0,0,0,51832
14.0,4,16,8,1.63,0,0,256,0,0,0,0,0,1,0,0,0,0,0,0,0,1,0,0,0,90728
14.0,4,15,8,1.6,0,0,256,0,0,0,0,0,0,1,0,0,0,0,0,0,1,0,0,0,101112
13.3,4,16,16,1.62,1,0,512,0,0,1,0,0,0,0,0,0,0,0,0,0,1,0,0,0,112552
15.6,4,15,8,2.2,0,0,256,0,0,0,0,0,1,0,0,0,0,1,0,0,0,0,0,0,59607
14.0,4,15,8,1.74,0,0,256,0,0,1,0,0,0,0,0,0,0,0,0,0,1,0,0,0,79112
13.3,4,16,8,1.2,0,0,256,0,0,0,0,0,0,1,0,0,0,0,0,0,1,0,0,0,119944
15.6,4,15,8,2.1,0,1000,0,0,0,0,0,0,1,0,0,0,0,0,0,0,1,0,0,0,69872
17.3,4,16,16,4.42,0,1000,256,0,0,0,1,0,0,0,0,0,0,0,0,0,1,0,0,0,216158
15.6,4,16,8,2.2,0,0,256,0,0,0,0,0,1,0,0,0,0,0,0,0,1,0,0,0,73216
15.6,4,16,16,2.3,1,1000,0,0,0,0,0,0,1,0,0,0,0,0,0,0,1,0,0,0,75593
15.6,4,15,8,2.0,0,0,256,0,0,0,0,0,1,0,0,0,0,0,0,0,1,0,0,0,67672
17.3,4,15,8,2.69,0,500,256,0,0,0,0,0,1,0,0,0,0,0,0,0,1,0,0,0,78408
15.6,4,16,8,1.9,0,1000,0,0,0,0,0,0,1,0,0,0,0,0,0,0,1,0,0,0,111672
15.6,1,14,4,2.37,0,1000,0,0,0,0,0,0,1,0,0,0,0,0,0,0,1,0,0,0,35111
15.6,1,6,4,2.1,0,500,0,0,0,0,0,0,1,0,0,0,0,0,0,0,1,0,0,0,29040
15.6,4,16,16,3.2,0,1000,256,0,0,0,1,0,0,0,0,0,0,0,0,0,1,0,0,0,131912
14.0,4,15,8,1.6,0,0,256,0,0,0,0,0,1,0,0,0,0,0,0,0,1,0,0,0,75592
13.3,4,15,8,1.6,1,0,256,0,0,1,0,0,0,0,0,0,0,0,0,0,1,0,0,0,60632
15.6,4,16,16,2.36,0,0,256,0,0,0,0,0,1,0,0,0,0,1,0,0,0,0,0,0,79112
15.6,1,14,4,2.1,0,1000,0,0,0,0,0,0,1,0,0,0,0,1,0,0,0,0,0,0,34320
15.6,4,0,4,2.2,0,1000,128,0,0,0,0,0,1,0,0,0,0,0,0,0,1,0,0,0,50600
17.3,4,16,32,4.7,0,1000,512,0,0,0,1,0,0,0,0,0,0,0,0,0,1,0,0,0,342320
15.6,4,15,8,2.5,0,0,256,0,0,0,1,0,0,0,0,0,0,0,0,0,1,0,0,0,74448
15.6,1,14,8,2.2,0,0,128,0,0,0,0,0,1,0,0,0,0,0,0,0,1,0,0,0,51832
17.3,4,16,8,2.1,0,1000,128,0,0,0,0,0,1,0,0,0,0,0,0,0,1,0,0,0,100760
17.3,4,16,8,2.69,0,1000,128,0,0,0,0,0,1,0,0,0,0,0,0,1,0,0,0,0,78232
15.6,4,15,8,2.56,0,0,256,0,0,0,1,0,0,0,0,0,0,0,0,0,1,0,0,0,77352
13.9,4,16,8,1.38,1,0,256,0,0,1,0,0,0,0,0,0,0,0,0,0,1,0,0,0,94952
15.6,4,16,8,2.2,0,2000,128,0,0,0,0,0,1,0,0,0,0,0,0,0,1,0,0,0,86680
15.6,1,15,8,2.04,1,1000,0,0,0,0,0,0,1,0,0,0,0,0,0,0,1,0,0,0,49192
17.3,4,16,16,3.6,0,0,256,0,0,0,1,0,0,0,0,0,0,0,0,0,1,0,0,0,263912
13.3,4,15,4,1.49,0,500,0,0,0,0,0,0,1,0,0,0,0,0,0,0,1,0,0,0,59400
13.3,11,15,8,1.37,0,0,512,0,0,0,0,0,0,1,0,0,0,0,0,0,0,0,0,1,179520
15.6,4,16,8,2.08,1,1000,0,0,0,1,0,0,0,0,0,0,0,0,0,0,1,0,0,0,72072
17.3,4,16,16,4.3,0,1000,256,0,0,0,1,0,0,0,0,0,0,0,0,0,1,0,0,0,158312
15.6,1,5,4,1.68,0,1000,0,0,0,0,0,0,1,0,0,0,0,0,0,0,1,0,0,0,41272
13.9,4,16,8,1.37,1,0,512,0,0,1,0,0,0,0,0,0,0,0,0,0,1,0,0,0,162712
17.3,4,14,4,3.0,0,0,256,0,0,0,0,0,1,0,0,0,0,0,0,0,1,0,0,0,61776
13.3,4,15,8,1.41,0,0,256,0,0,0,0,0,0,1,0,0,0,0,0,0,1,0,0,0,83512
15.6,1,3,8,1.91,0,0,128,0,0,0,0,0,1,0,0,0,0,0,0,0,1,0,0,0,39239
17.3,4,16,16,2.9,0,1000,0,0,0,0,0,0,1,0,0,0,0,0,0,0,1,0,0,0,93192
17.3,4,16,16,4.14,0,1000,512,0,0,0,1,0,0,0,0,0,0,0,0,0,1,0,0,0,219912
15.6,4,16,8,2.0,1,0,512,0,0,1,0,0,0,0,0,0,0,0,0,0,1,0,0,0,149512
17.3,4,16,8,2.8,0,1000,128,0,0,0,0,0,1,0,0,0,0,0,0,0,1,0,0,0,100496
15.6,4,14,4,2.2,0,0,256,0,0,0,0,0,1,0,0,0,0,0,0,1,0,0,0,0,39072
15.6,4,15,4,2.1,0,500,0,0,0,0,0,0,1,0,0,0,0,0,0,0,1,0,0,0,63536
15.6,4,15,4,2.18,0,1000,0,0,0,0,0,0,1,0,0,0,0,0,0,0,1,0,0,0,57816
15.6,4,15,8,2.24,0,1000,0,0,0,0,0,0,1,0,0,0,0,0,0,0,1,0,0,0,49720
15.6,4,15,8,2.67,1,0,256,0,0,1,0,0,0,0,0,0,0,0,0,0,1,0,0,0,70312
13.3,4,16,8,1.1,1,0,1000,0,0,1,0,0,0,0,0,0,0,0,0,0,1,0,0,0,131912
15.6,4,15,4,2.2,0,1000,0,0,0,0,0,0,1,0,0,0,0,0,0,1,0,0,0,0,41096
17.3,4,16,8,2.5,0,1000,0,0,0,0,0,0,1,0,0,0,0,0,0,0,1,0,0,0,89584
15.6,4,16,8,2.05,0,0,256,0,0,0,0,0,1,0,0,0,0,0,0,0,1,0,0,0,77440
13.3,11,15,8,1.37,0,0,512,0,0,0,0,0,0,1,0,0,0,0,0,0,0,0,0,1,172383
17.3,4,8,16,3.2,0,1000,256,0,0,0,1,0,0,0,0,0,0,0,0,0,1,0,0,0,136312
15.6,4,16,8,2.14,0,0,256,0,0,0,0,0,1,0,0,0,0,1,0,0,0,0,0,0,64686
14.0,9,16,16,1.36,1,0,512,0,0,1,0,0,0,0,0,0,0,0,0,0,1,0,0,0,219912
15.6,1,16,8,2.2,0,500,0,0,0,0,0,0,1,0,0,0,0,0,0,0,1,0,0,0,71456
15.6,1,16,12,2.3,0,1000,0,0,0,0,0,0,1,0,0,0,0,0,0,0,1,0,0,0,62750
17.3,4,16,8,2.8,0,1000,128,0,0,0,0,0,1,0,0,0,0,1,0,0,0,0,0,0,96712
15.6,4,16,8,2.2,0,1000,0,0,0,0,0,0,1,0,0,0,0,0,0,0,1,0,0,0,65560
17.3,3,14,4,2.8,0,1000,0,0,0,0,0,0,1,0,0,0,0,0,0,0,1,0,0,0,43032
17.3,4,16,8,2.8,0,2000,0,0,0,0,0,0,1,0,0,0,0,0,0,1,0,0,0,0,74712
17.3,3,16,6,2.8,0,1000,128,0,0,0,0,0,1,0,0,0,0,0,0,0,1,0,0,0,75592
15.6,4,14,4,2.25,0,1000,0,0,0,0,0,0,1,0,0,0,0,1,0,0,0,0,0,0,37664
15.6,4,15,8,2.5,0,0,256,0,0,0,1,0,0,0,0,0,0,0,0,0,1,0,0,0,72952
15.6,4,15,6,2.2,0,0,256,0,0,0,0,0,1,0,0,0,0,0,0,0,1,0,0,0,50952
15.6,4,16,8,3.0,0,0,256,0,0,0,0,0,1,0,0,0,0,0,0,0,1,0,0,0,83688
15.6,4,16,12,2.15,1,1000,0,0,0,0,0,0,1,0,0,0,0,0,0,0,1,0,0,0,57992
15.6,4,16,8,1.95,0,0,256,0,0,0,0,0,1,0,0,0,0,0,0,0,1,0,0,0,96536
15.6,4,15,8,1.7,0,0,256,0,0,0,0,0,0,1,0,0,0,0,0,0,1,0,0,0,85976
15.6,4,16,16,2.5,0,1000,256,0,0,0,1,0,0,0,0,0,0,0,0,0,1,0,0,0,103752
15.6,4,16,8,2.2,0,1000,0,0,0,0,0,0,1,0,0,0,0,0,0,1,0,0,0,0,57993
15.6,1,10,2,2.19,0,0,16,0,0,0,0,0,1,0,0,0,1,0,0,0,0,0,0,0,17512
17.3,4,16,8,3.0,0,1000,0,0,0,0,1,0,0,0,0,0,0,0,0,0,1,0,0,0,104456
17.3,3,14,8,2.54,0,1000,0,0,0,0,0,0,1,0,0,0,0,0,0,0,1,0,0,0,43032
15.6,4,16,8,2.0,0,0,256,0,0,0,0,0,1,0,0,0,0,0,0,0,1,0,0,0,160952
15.6,4,15,8,2.05,0,0,256,0,0,0,0,0,1,0,0,0,0,0,0,0,1,0,0,0,65032
15.6,4,16,8,3.2,0,1000,0,0,0,0,1,0,0,0,0,0,0,0,0,0,1,0,0,0,114312
15.6,4,16,8,2.5,0,0,256,0,0,0,0,0,1,0,0,0,0,1,0,0,0,0,0,0,86152
17.3,4,16,16,3.42,0,0,256,0,0,0,0,0,0,0,1,0,0,0,0,0,1,0,0,0,253868
15.6,4,0,6,2.4,0,1000,0,0,0,0,0,0,1,0,0,0,0,0,0,0,1,0,0,0,43912
15.6,4,16,16,1.63,0,0,512,0,0,0,0,0,0,1,0,0,0,0,0,0,1,0,0,0,129184
14.0,1,14,4,1.3,0,0,128,0,0,0,0,0,1,0,0,0,0,0,0,0,1,0,0,0,44792
17.3,4,16,16,2.9,0,1000,256,0,0,0,1,0,0,0,0,0,0,0,0,0,1,0,0,0,186736
17.3,3,15,6,2.8,0,1000,0,0,0,0,0,0,1,0,0,0,0,0,0,0,1,0,0,0,57112
15.6,1,15,8,2.2,0,2000,0,0,0,0,0,0,1,0,0,0,0,0,0,1,0,0,0,0,48312
15.6,4,16,8,2.5,0,1000,128,0,0,0,1,0,0,0,0,0,0,0,0,0,1,0,0,0,111320
15.6,1,12,4,2.2,0,1000,0,0,0,0,0,0,1,0,0,0,0,0,0,1,0,0,0,0,31679
13.3,4,16,16,1.28,1,0,256,0,0,1,0,0,0,0,0,0,0,0,0,0,1,0,0,0,173800
15.6,4,16,8,2.2,0,0,256,0,0,0,0,0,1,0,0,0,0,0,0,0,1,0,0,0,91784
15.6,4,15,8,2.3,0,1000,128,0,0,0,0,0,1,0,0,0,0,0,0,0,1,0,0,0,72072
15.6,4,14,4,1.86,0,1000,0,0,0,0,0,0,1,0,0,0,0,0,0,0,1,0,0,0,41272
13.3,4,15,8,1.1,0,0,256,0,0,0,0,0,1,0,0,0,0,0,0,0,1,0,0,0,87912
13.3,14,16,16,1.21,1,0,1000,0,0,0,0,0,0,1,0,0,0,0,0,0,1,0,0,0,219912
15.6,4,16,16,2.8,0,1000,256,0,0,0,1,0,0,0,0,0,0,0,0,0,1,0,0,0,184712
15.6,4,4,8,2.23,0,0,256,0,0,0,0,0,1,0,0,0,0,0,0,0,1,0,0,0,41272
11.6,1,10,2,1.1,1,0,0,0,32,1,0,0,0,0,0,0,0,0,0,0,1,0,0,0,24200
15.6,4,15,8,2.33,0,1000,128,0,0,0,0,0,1,0,0,0,0,0,0,0,1,0,0,0,74272
13.3,14,16,16,1.29,1,0,1000,0,0,1,0,0,0,0,0,0,0,0,0,0,1,0,0,0,215512
13.3,1,10,4,1.45,0,0,0,0,16,0,0,0,1,0,0,0,1,0,0,0,0,0,0,0,40471
14.0,4,15,8,1.95,0,0,256,0,0,0,0,0,1,0,0,0,0,0,0,0,1,0,0,0,86240
11.6,1,12,4,1.4,0,0,0,0,128,0,0,0,1,0,0,0,0,0,0,0,1,0,0,0,42680
14.0,4,16,8,1.48,0,0,256,0,0,0,0,0,1,0,0,0,0,0,0,0,1,0,0,0,113696
17.3,3,15,4,2.79,0,1000,0,0,0,0,0,0,1,0,0,0,0,0,0,0,1,0,0,0,51832
14.0,4,16,8,2.0,0,0,256,0,0,0,0,0,1,0,0,0,0,0,0,0,1,0,0,0,96272
15.6,1,16,8,2.1,0,1000,0,0,0,0,0,0,1,0,0,0,0,0,0,0,1,0,0,0,79376
15.6,1,1,8,2.2,0,0,256,0,0,0,0,0,1,0,0,0,0,0,0,0,1,0,0,0,57992
14.0,1,10,4,1.44,0,0,0,0,32,0,0,0,1,0,0,0,0,0,0,0,1,0,0,0,25696
15.6,1,15,6,2.23,0,1000,0,0,0,0,0,0,1,0,0,0,0,0,0,0,1,0,0,0,48312
15.6,4,16,8,1.7,0,0,256,0,0,0,0,0,0,1,0,0,0,0,0,0,1,0,0,0,92391
12.5,4,16,8,1.26,0,0,256,0,0,0,0,0,0,1,0,0,0,0,0,0,1,0,0,0,117480
15.6,14,16,32,2.06,1,0,1000,0,0,0,0,0,1,0,0,0,0,0,0,0,1,0,0,0,232232
17.3,4,16,8,2.7,0,1000,256,0,0,0,1,0,0,0,0,0,0,0,0,0,1,0,0,0,105512
15.6,4,15,8,2.0,0,0,256,0,0,0,0,0,1,0,0,0,0,0,0,0,1,0,0,0,82984
14.0,4,16,8,2.0,0,1000,256,0,0,0,0,0,1,0,0,0,0,0,0,0,1,0,0,0,117392
15.6,4,14,4,1.85,0,1000,0,0,0,0,0,0,1,0,0,0,0,0,0,0,1,0,0,0,39512
15.6,4,16,8,2.5,0,0,256,0,0,0,1,0,0,0,0,0,0,0,0,0,1,0,0,0,87912
14.0,4,15,8,1.48,0,0,256,0,0,0,0,0,1,0,0,0,0,0,0,0,1,0,0,0,111584
15.6,4,15,8,1.9,0,1000,128,0,0,0,0,0,0,1,0,0,0,0,0,0,1,0,0,0,92312
15.6,4,15,8,1.84,0,0,256,0,0,0,0,0,1,0,0,0,0,0,0,0,1,0,0,0,100672
15.6,1,10,4,2.0,0,1000,0,0,0,0,0,0,1,0,0,0,0,1,0,0,0,0,0,0,24199
15.6,4,15,8,2.0,0,0,256,0,0,0,0,0,1,0,0,0,0,0,0,0,1,0,0,0,100562
15.6,1,10,4,2.2,0,500,0,0,0,0,0,0,1,0,0,0,0,1,0,0,0,0,0,0,24191
15.6,4,1,12,2.2,0,2000,0,0,0,0,0,0,1,0,0,0,0,0,0,0,1,0,0,0,79112
15.6,4,14,8,2.1,0,1000,0,0,0,0,0,0,1,0,0,0,0,0,0,0,1,0,0,0,63008
13.9,14,16,16,1.4,1,0,512,0,0,1,0,0,0,0,0,0,0,0,0,0,1,0,0,0,184712
13.3,4,16,8,1.2,0,0,256,0,0,0,0,0,0,1,0,0,0,0,0,0,1,0,0,0,138952
15.6,4,16,16,2.4,0,2000,256,0,0,0,1,0,0,0,0,0,0,0,0,0,1,0,0,0,99352
14.0,1,10,2,1.44,0,0,0,0,32,0,0,0,1,0,0,0,0,0,0,0,1,0,0,0,24552
15.6,4,16,16,1.88,0,0,768,0,0,0,0,0,0,1,0,0,0,0,0,0,1,0,0,0,141500
11.6,1,10,4,1.5,1,0,0,0,32,1,0,0,0,0,0,0,0,0,0,0,1,0,0,0,33000
15.6,4,15,8,1.9,0,1000,0,0,0,0,0,0,0,1,0,0,0,0,0,0,1,0,0,0,58344
15.6,14,16,16,2.06,1,0,512,0,0,0,0,0,1,0,0,0,0,0,0,0,1,0,0,0,178413
15.6,4,16,8,1.84,0,0,256,0,0,0,0,0,1,0,0,0,0,0,0,0,1,0,0,0,114752
17.3,4,16,8,2.7,0,1000,128,0,0,0,1,0,0,0,0,0,0,0,0,0,1,0,0,0,123992
15.6,4,16,8,2.6,0,0,256,0,0,0,0,0,0,0,1,0,0,0,0,0,1,0,0,0,152968
15.6,4,16,16,2.4,0,0,512,0,0,0,0,0,1,0,0,0,0,0,0,0,1,0,0,0,123464
15.6,4,16,8,2.02,0,2000,128,0,0,0,0,0,1,0,0,0,0,0,0,0,1,0,0,0,85439
15.6,1,10,4,2.2,0,1000,0,0,0,0,0,0,1,0,0,0,0,0,0,1,0,0,0,0,28335
15.6,4,15,8,2.65,0,1000,0,0,0,0,1,0,0,0,0,0,0,0,0,0,1,0,0,0,87912
15.6,1,15,8,2.36,1,2000,0,0,0,0,0,0,1,0,0,0,0,0,0,0,1,0,0,0,49049
14.0,4,15,8,1.36,0,0,256,0,0,0,0,0,1,0,0,0,0,0,0,0,1,0,0,0,125576
15.6,1,14,4,1.86,0,500,0,0,0,0,0,0,1,0,0,0,0,0,0,0,1,0,0,0,38632
14.0,4,15,8,2.0,0,0,256,0,0,0,0,0,1,0,0,0,0,0,0,0,1,0,0,0,83160
17.3,3,15,6,2.8,0,1000,128,0,0,0,0,0,1,0,0,0,0,0,0,0,1,0,0,0,63272
15.6,4,15,8,1.86,0,1000,0,0,0,0,0,0,1,0,0,0,0,0,0,0,1,0,0,0,56232
15.6,1,14,8,2.2,0,0,256,0,0,0,0,0,1,0,0,0,0,0,0,1,0,0,0,0,43912
15.6,1,12,8,2.04,0,2000,0,0,0,0,0,0,1,0,0,0,0,0,0,0,1,0,0,0,34232
17.3,4,15,8,2.8,0,1000,128,0,0,0,0,0,1,0,0,0,0,0,0,0,1,0,0,0,95480
15.6,4,15,8,2.4,0,1000,128,0,0,0,1,0,0,0,0,0,0,0,0,1,0,0,0,0,71192
15.6,4,16,8,2.33,0,0,256,0,0,0,0,0,1,0,0,0,0,0,0,0,1,0,0,0,79112
14.0,4,16,8,1.36,0,0,256,0,0,0,0,0,0,1,0,0,0,0,0,0,1,0,0,0,154000
15.6,4,16,12,2.26,1,2000,512,0,0,1,0,0,0,0,0,0,0,0,0,0,1,0,0,0,96712
15.6,1,5,4,2.1,0,0,128,0,0,0,0,0,1,0,0,0,0,0,0,0,1,0,0,0,37488
17.3,4,8,16,3.25,0,1000,256,0,0,0,1,0,0,0,0,0,0,0,0,0,1,0,0,0,193512
17.3,3,4,4,2.6,0,0,128,0,0,0,0,0,1,0,0,0,0,0,0,0,1,0,0,0,43032
13.3,4,16,8,1.62,1,0,256,0,0,1,0,0,0,0,0,0,0,0,0,0,1,0,0,0,76473
15.6,4,5,4,1.91,0,0,256,0,0,0,0,0,1,0,0,0,0,0,0,0,1,0,0,0,43031
11.6,1,10,4,1.59,0,0,128,0,0,0,0,1,0,0,0,0,0,0,0,0,1,0,0,0,48664
15.6,1,10,4,1.8,0,500,0,0,0,0,0,0,1,0,0,0,0,0,0,0,1,0,0,0,27192
14.0,1,10,4,1.5,0,0,0,0,32,0,0,0,1,0,0,0,0,0,0,0,1,0,0,0,25168
15.6,4,16,8,2.4,0,1000,0,0,0,0,0,0,1,0,0,0,0,1,0,0,0,0,0,0,74448
17.3,4,16,8,3.35,0,1000,128,0,0,0,1,0,0,0,0,0,0,0,0,0,1,0,0,0,104808
15.6,4,14,4,1.85,0,0,128,0,0,0,0,0,1,0,0,0,0,0,0,1,0,0,0,0,35508
15.6,4,16,8,2.3,0,1000,128,0,0,0,1,0,0,0,0,0,0,0,0,0,1,0,0,0,145640
14.0,4,15,8,1.5,0,0,256,0,0,0,0,0,1,0,0,0,0,0,0,0,1,0,0,0,96712
13.3,4,16,16,1.1,1,0,512,0,0,0,0,0,0,1,0,0,0,0,0,0,1,0,0,0,153903
14.0,9,16,8,1.13,0,0,512,0,0,0,0,0,0,1,0,0,0,0,0,0,1,0,0,0,200816
13.3,4,14,4,1.5,0,0,128,0,0,0,0,0,1,0,0,0,0,0,0,0,1,0,0,0,48312
15.6,4,15,8,2.23,0,500,0,0,0,0,0,0,0,0,1,0,0,0,0,0,1,0,0,0,120472
15.6,4,16,8,2.0,0,0,256,0,0,0,0,0,0,0,1,0,0,0,0,0,1,0,0,0,187880
14.0,9,16,16,1.42,1,0,512,0,0,1,0,0,0,0,0,0,0,0,0,0,1,0,0,0,220792
17.3,4,16,8,3.0,0,1000,0,0,0,0,1,0,0,0,0,0,0,0,0,0,1,0,0,0,91432
17.3,4,16,16,3.0,0,1000,256,0,0,0,1,0,0,0,0,0,0,0,0,0,1,0,0,0,140008
15.6,1,15,12,2.2,0,1000,0,0,0,0,0,0,1,0,0,0,0,0,0,0,1,0,0,0,61071
17.3,4,16,8,2.7,0,0,256,0,0,0,1,0,0,0,0,0,0,0,0,0,1,0,0,0,118712
15.6,4,16,8,2.33,0,0,256,0,0,0,0,0,1,0,0,0,0,1,0,0,0,0,0,0,68541
15.6,4,5,4,1.91,0,0,256,0,0,0,0,0,0,1,0,0,0,0,0,0,1,0,0,0,43912
15.6,4,16,8,2.1,0,0,256,0,0,0,0,0,1,0,0,0,0,0,0,0,1,0,0,0,108201
14.0,4,15,8,1.9,0,0,256,0,0,0,0,0,1,0,0,0,0,0,0,0,1,0,0,0,82544
15.6,14,16,8,1.78,1,0,256,0,0,0,0,0,0,0,1,0,0,0,0,0,1,0,0,0,238656
14.0,9,16,16,1.13,0,0,1000,0,0,0,0,0,0,1,0,0,0,0,0,0,1,0,0,0,231000
15.6,1,10,4,2.2,0,1000,0,0,0,0,0,0,1,0,0,0,0,0,0,0,1,0,0,0,26928
17.3,4,16,16,2.9,0,1000,256,0,0,0,1,0,0,0,0,0,0,0,0,0,1,0,0,0,134552
15.6,4,15,8,2.1,0,1000,256,0,0,0,0,0,1,0,0,0,0,0,0,0,1,0,0,0,100716
15.6,4,16,8,2.5,0,0,256,0,0,0,0,0,1,0,0,0,0,1,0,0,0,0,0,0,77352
17.3,4,16,16,2.8,0,1000,256,0,0,0,1,0,0,0,0,0,0,0,0,0,1,0,0,0,197912
14.0,4,16,8,1.1,0,0,512,0,0,0,0,0,0,1,0,0,0,0,0,0,1,0,0,0,164824
13.3,4,16,16,1.2,0,0,512,0,0,0,0,0,0,1,0,0,0,0,0,0,1,0,0,0,153736
14.0,4,16,8,1.36,0,0,512,0,0,0,0,0,0,1,0,0,0,0,0,0,1,0,0,0,147840
15.6,4,14,4,2.2,0,500,0,0,0,0,0,0,1,0,0,0,0,0,0,0,1,0,0,0,35992
11.6,1,10,2,1.15,0,0,0,0,32,0,0,0,1,0,0,0,0,0,0,0,1,0,0,0,26792
15.6,4,16,8,2.67,0,0,512,0,0,0,0,0,0,0,1,0,0,0,0,0,1,0,0,0,169400
14.0,9,16,8,1.7,0,0,512,0,0,0,0,0,0,1,0,0,0,0,0,0,1,0,0,0,170984
15.6,4,14,4,2.1,0,1000,0,0,0,0,0,0,1,0,0,0,0,0,0,0,1,0,0,0,41272
13.3,4,16,8,1.6,1,0,256,0,0,1,0,0,0,0,0,0,0,0,0,0,1,0,0,0,69433
13.3,4,15,8,1.27,1,0,256,0,0,1,0,0,0,0,0,0,0,0,0,0,1,0,0,0,81664
15.6,4,15,4,2.3,0,0,256,0,0,0,0,0,1,0,0,0,0,1,0,0,0,0,0,0,52703
13.3,1,14,4,1.65,0,0,128,0,0,0,0,0,1,0,0,0,0,0,0,0,1,0,0,0,60632
14.0,4,16,8,1.43,0,0,256,0,0,0,0,0,0,1,0,0,0,0,0,0,1,0,0,0,132000
15.6,1,15,8,2.14,0,1000,0,0,0,0,0,0,1,0,0,0,0,0,0,0,1,0,0,0,47516
14.0,4,16,8,1.75,0,0,256,0,0,0,0,0,0,1,0,0,0,0,0,0,1,0,0,0,106953
15.6,14,16,16,2.0,1,0,512,0,0,1,0,0,0,0,0,0,0,0,0,0,1,0,0,0,167112
15.6,4,16,8,2.31,0,0,256,0,0,0,0,0,1,0,0,0,0,0,0,0,1,0,0,0,125576
15.6,4,14,8,2.3,0,1000,0,0,0,0,0,0,1,0,0,0,0,1,0,0,0,0,0,0,52536
17.3,9,16,16,4.42,0,1000,256,0,0,0,1,0,0,0,0,0,0,0,0,0,1,0,0,0,246312
15.6,4,16,8,2.62,0,1000,128,0,0,0,1,0,0,0,0,0,0,0,0,0,1,0,0,0,101992
15.6,4,16,8,2.02,0,2000,256,0,0,0,0,0,1,0,0,0,0,0,0,0,1,0,0,0,100531
14.0,4,16,8,1.6,0,0,256,0,0,0,0,0,0,1,0,0,0,1,0,0,0,0,0,0,96712
17.3,4,16,12,3.35,0,1000,256,0,0,0,1,0,0,0,0,0,0,0,0,0,1,0,0,0,175912
11.6,4,10,4,1.16,1,0,32,0,0,1,0,0,0,0,0,0,0,0,0,0,1,0,0,0,26312
11.6,1,10,4,1.15,0,0,0,0,16,0,0,1,0,0,0,0,1,0,0,0,0,0,0,0,23672
13.3,4,16,8,1.4,0,0,256,0,0,0,0,0,1,0,0,0,0,0,0,0,1,0,0,0,88880
14.0,4,14,4,1.7,0,0,128,0,0,0,0,0,1,0,0,0,0,0,0,0,1,0,0,0,52712
15.6,14,16,16,2.3,0,0,512,0,0,0,0,0,0,0,1,0,0,0,0,0,1,0,0,0,215160
15.6,4,16,16,2.5,0,0,512,0,0,0,0,0,1,0,0,0,0,0,0,0,1,0,0,0,215512
17.3,4,8,8,3.2,0,1000,256,0,0,0,1,0,0,0,0,0,0,0,0,0,1,0,0,0,149160
15.6,1,10,4,2.1,0,500,0,0,0,0,0,0,1,0,0,0,0,0,0,0,1,0,0,0,30536
12.3,10,16,16,1.1,1,0,512,0,0,0,0,0,0,1,0,0,1,0,0,0,0,0,0,0,193512
14.0,9,16,24,1.32,0,0,512,0,0,0,0,0,0,1,0,0,0,0,0,0,1,0,0,0,209616
15.6,4,15,4,2.0,0,0,256,0,0,0,0,0,1,0,0,0,0,1,0,0,0,0,0,0,49192
17.3,3,3,8,2.8,0,1000,0,0,0,0,0,0,1,0,0,0,0,0,0,0,1,0,0,0,45672
15.6,4,15,4,2.2,0,0,256,0,0,0,0,0,1,0,0,0,0,0,0,0,1,0,0,0,65912
12.5,4,15,8,1.36,0,0,256,0,0,0,0,0,0,1,0,0,0,0,0,0,1,0,0,0,125752
15.6,4,12,4,2.2,0,0,128,0,0,0,0,0,1,0,0,0,0,0,0,0,1,0,0,0,30712
15.6,4,16,8,2.2,0,1000,128,0,0,0,1,0,0,0,0,0,0,0,0,0,1,0,0,0,96712
14.0,4,15,8,1.64,0,0,256,0,0,0,0,0,1,0,0,0,0,0,0,0,1,0,0,0,103752
15.6,1,15,4,2.4,0,500,0,0,0,0,0,0,1,0,0,0,0,1,0,0,0,0,0,0,38878
15.6,4,13,8,2.23,0,1000,0,0,64,0,0,0,0,0,1,0,0,0,0,0,1,0,0,0,175384
15.6,4,15,8,2.2,0,0,256,0,0,0,1,0,0,0,0,0,0,0,0,0,1,0,0,0,90441
13.5,8,16,16,1.25,1,0,512,0,0,0,0,0,0,1,0,0,0,0,0,0,0,1,0,0,227832
15.6,1,15,8,1.91,0,0,128,0,0,0,0,0,1,0,0,0,0,0,0,0,1,0,0,0,51832
15.6,4,16,16,2.17,0,0,256,0,0,0,0,0,0,0,1,0,0,0,0,0,1,0,0,0,173800
15.6,4,16,8,2.31,0,0,512,0,0,0,0,0,0,0,1,0,0,0,0,0,1,0,0,0,134992
14.0,4,15,8,1.65,0,0,256,0,0,0,0,0,1,0,0,0,0,0,0,0,1,0,0,0,118360
15.6,4,16,8,2.36,0,1000,128,0,0,0,0,0,1,0,0,0,0,0,0,0,1,0,0,0,86152
11.6,1,12,4,1.47,1,500,0,0,0,1,0,0,0,0,0,0,0,0,0,0,1,0,0,0,42152
17.3,4,16,8,4.42,0,1000,0,0,0,0,0,0,1,0,0,0,0,0,0,0,1,0,0,0,180048
13.5,8,11,4,1.25,1,0,128,0,0,0,0,0,0,1,0,0,0,0,0,0,0,1,0,0,87032
13.5,8,16,8,1.25,1,0,256,0,0,0,0,0,0,1,0,0,0,0,0,0,0,1,0,0,158312
17.3,3,14,8,2.5,0,0,256,0,0,0,0,0,1,0,0,0,0,0,0,0,1,0,0,0,56311
15.6,4,14,4,2.23,0,1000,0,0,0,0,0,0,1,0,0,0,0,0,0,0,1,0,0,0,47872
11.6,1,10,4,1.4,0,0,128,0,0,0,0,1,0,0,0,0,0,0,0,0,1,0,0,0,38280
15.6,4,15,8,2.37,0,1000,0,0,0,0,0,0,1,0,0,0,0,0,0,0,1,0,0,0,65912
14.0,4,16,8,1.5,0,0,512,0,0,0,0,0,1,0,0,0,0,0,0,1,0,0,0,0,70312
15.6,4,16,8,2.67,0,0,256,0,0,0,0,0,1,0,0,0,0,0,0,0,1,0,0,0,183920
15.6,1,12,4,2.0,0,500,0,0,0,0,0,0,1,0,0,0,0,0,0,0,1,0,0,0,26752
15.6,1,14,4,2.2,0,500,0,0,0,0,0,0,1,0,0,0,0,0,0,0,1,0,0,0,41272
15.6,4,15,8,2.02,0,2000,0,0,0,0,0,0,1,0,0,0,0,0,0,0,1,0,0,0,66792
17.3,4,16,12,3.78,0,1000,0,0,0,0,1,0,0,0,0,0,0,0,0,0,1,0,0,0,149512
14.0,9,16,12,1.4,0,0,256,0,0,0,0,0,0,1,0,0,0,0,0,0,1,0,0,0,163504
13.3,14,16,8,1.29,1,0,512,0,0,1,0,0,0,0,0,0,0,0,0,0,1,0,0,0,175912
15.6,4,15,8,1.9,0,500,0,0,0,0,0,0,1,0,0,0,0,0,0,0,1,0,0,0,101552
12.3,10,15,8,1.1,1,0,128,0,0,0,0,0,0,1,0,0,1,0,0,0,0,0,0,0,112200
13.3,4,15,8,1.42,1,0,256,0,0,0,0,0,0,1,0,0,0,0,0,0,1,0,0,0,162083
15.6,14,16,12,2.06,0,1000,128,0,0,0,0,0,1,0,0,0,0,0,0,0,1,0,0,0,114312
14.0,1,14,8,1.79,0,0,128,0,0,0,0,0,1,0,0,0,0,0,0,0,1,0,0,0,65120
15.6,4,16,8,1.78,0,0,256,0,0,0,0,0,0,0,1,0,0,0,0,0,1,0,0,0,211904
14.0,4,15,8,1.7,0,0,180,0,0,0,0,0,1,0,0,0,0,0,0,0,1,0,0,0,120032
15.6,4,15,8,2.2,0,1000,0,0,0,0,0,0,1,0,0,0,0,0,0,0,1,0,0,0,59400
13.3,4,15,8,1.05,0,0,256,0,0,0,0,0,1,0,0,0,0,0,0,0,1,0,0,0,147136
15.6,4,16,8,2.16,0,0,512,0,0,0,0,0,1,0,0,0,0,0,0,0,1,0,0,0,111056
15.6,1,14,4,2.18,0,1000,0,0,0,0,0,0,1,0,0,0,0,0,0,0,1,0,0,0,51621
13.3,4,15,4,1.49,0,0,128,0,0,0,0,0,1,0,0,0,0,0,0,0,1,0,0,0,63888
15.6,4,9,4,1.89,0,0,0,0,64,0,0,0,1,0,0,0,0,0,0,0,1,0,0,0,21903
15.6,1,14,4,2.3,0,0,128,0,0,0,0,0,1,0,0,0,0,0,0,0,1,0,0,0,49720
14.0,4,15,8,1.75,0,0,256,0,0,0,0,0,1,0,0,0,0,0,0,0,1,0,0,0,92312
15.6,4,16,16,2.17,0,0,512,0,0,0,0,0,0,0,1,0,0,0,0,0,1,0,0,0,205744
15.6,4,16,16,2.06,0,0,512,0,0,0,0,0,1,0,0,0,0,0,0,0,1,0,0,0,167112
12.5,4,16,16,1.36,0,0,512,0,0,0,0,0,0,1,0,0,0,0,0,0,1,0,0,0,158224
12.5,4,16,16,0.91,0,0,512,0,0,0,0,0,0,1,0,0,0,0,0,0,1,0,0,0,171600
15.6,4,15,8,2.3,0,0,256,0,0,0,0,0,1,0,0,0,0,0,0,0,1,0,0,0,89055
13.3,4,16,32,1.05,1,0,512,0,0,0,0,0,0,1,0,0,0,0,0,0,1,0,0,0,246312
15.6,4,16,8,1.99,0,1000,128,0,0,0,1,0,0,0,0,0,0,0,0,0,1,0,0,0,118800
15.6,1,0,8,2.2,0,1000,0,0,0,0,0,0,1,0,0,0,0,0,0,0,1,0,0,0,50952
17.3,4,16,24,4.33,1,1000,256,0,0,0,1,0,0,0,0,0,0,0,0,0,1,0,0,0,111672
12.5,1,15,8,1.3,0,0,180,0,0,0,0,0,0,1,0,0,0,0,0,0,1,0,0,0,96712
15.6,4,16,8,2.17,0,0,256,0,0,0,0,0,1,0,0,0,0,0,0,0,1,0,0,0,79103
14.0,4,16,8,1.48,0,0,1000,0,0,0,0,0,1,0,0,0,0,0,0,0,1,0,0,0,153912
13.3,4,14,8,1.4,0,0,256,0,0,0,0,0,1,0,0,0,0,0,0,0,1,0,0,0,83512
15.6,4,15,8,2.3,0,0,256,0,0,0,0,0,1,0,0,0,0,0,0,0,1,0,0,0,80168
11.6,1,10,4,1.2,0,0,0,0,64,0,0,1,0,0,0,0,0,0,0,0,0,1,0,0,29920
15.6,1,15,8,1.91,0,0,256,0,0,0,0,0,1,0,0,0,0,0,0,0,1,0,0,0,54471
13.9,4,15,8,1.4,1,0,256,0,0,1,0,0,0,0,0,0,0,0,0,0,1,0,0,0,140712
14.0,1,10,4,2.1,0,500,0,0,0,0,0,0,1,0,0,0,0,0,0,0,1,0,0,0,26312
11.6,1,10,4,1.25,0,0,16,0,0,0,0,1,0,0,0,0,1,0,0,0,0,0,0,0,23320
13.3,4,15,8,1.44,0,0,256,0,0,0,0,0,1,0,0,0,0,0,0,0,1,0,0,0,83512
15.6,4,16,8,2.0,0,1000,256,0,0,0,0,0,1,0,0,0,0,0,0,0,1,0,0,0,107712
15.6,4,15,4,2.2,0,1000,0,0,0,0,0,0,1,0,0,0,0,0,0,0,1,0,0,0,53944
13.3,4,16,8,1.34,0,0,512,0,0,0,0,0,0,1,0,0,0,0,0,0,1,0,0,0,116424
15.6,4,16,8,2.4,0,1000,256,0,0,0,1,0,0,0,0,0,0,0,0,1,0,0,0,0,101112
13.3,4,15,8,1.29,1,0,128,0,0,0,0,0,0,1,0,0,0,0,0,0,1,0,0,0,79112
15.6,4,16,4,2.2,0,500,0,0,0,0,0,0,1,0,0,0,0,0,0,0,1,0,0,0,56232
15.6,4,15,8,2.18,0,1000,0,0,0,0,0,0,1,0,0,0,0,0,0,0,1,0,0,0,73568
15.6,4,16,16,2.2,0,2000,256,0,0,0,0,0,1,0,0,0,0,0,0,0,1,0,0,0,107293
15.6,4,16,16,1.95,0,0,256,0,0,0,0,0,1,0,0,0,0,0,0,1,0,0,0,0,123196
11.6,1,10,2,1.1,0,0,0,0,32,0,0,1,0,0,0,0,0,0,0,0,1,0,0,0,21560
15.6,1,15,4,2.04,1,1000,0,0,0,0,0,0,1,0,0,0,0,0,0,0,1,0,0,0,45889
15.6,4,16,24,2.24,0,0,512,0,0,0,1,0,0,0,0,0,0,0,0,0,1,0,0,0,261184
15.6,4,15,8,2.04,0,0,256,0,0,0,0,0,1,0,0,0,0,0,0,0,1,0,0,0,78232
17.3,4,16,16,3.0,0,1000,256,0,0,0,1,0,0,0,0,0,0,0,0,0,1,0,0,0,132352
15.6,4,16,8,3.2,0,1000,256,0,0,0,1,0,0,0,0,0,0,0,0,0,1,0,0,0,123112
13.3,4,16,8,1.32,0,0,256,0,0,0,0,0,0,1,0,0,0,0,0,0,1,0,0,0,123112
14.0,4,15,8,1.64,0,0,256,0,0,0,0,0,1,0,0,0,0,0,0,0,1,0,0,0,112616
15.6,1,14,4,1.63,0,0,128,0,0,0,0,0,1,0,0,0,0,0,0,0,1,0,0,0,60632
17.3,4,15,8,2.8,0,1000,128,0,0,0,0,0,1,0,0,0,0,1,0,0,0,0,0,0,78232
14.0,4,15,8,2.02,0,0,256,0,0,0,0,0,1,0,0,0,0,0,0,0,0,0,1,0,117920
15.6,4,16,4,2.2,0,1000,0,0,0,0,0,0,1,0,0,0,0,0,0,0,1,0,0,0,70312
15.6,1,14,8,2.2,0,2000,0,0,0,0,0,0,1,0,0,0,0,0,0,1,0,0,0,0,40392
15.6,4,15,4,2.3,0,500,0,0,0,0,0,0,1,0,0,0,0,0,0,0,1,0,0,0,51480
15.6,4,15,8,1.9,0,0,256,0,0,0,0,0,1,0,0,0,0,0,0,0,1,0,0,0,121176
17.3,4,16,16,4.42,0,1000,128,0,0,0,1,0,0,0,0,0,0,0,0,0,1,0,0,0,265124
15.6,4,15,8,2.0,0,500,0,0,0,0,0,0,1,0,0,0,0,0,0,0,1,0,0,0,75680
15.6,14,16,8,2.0,0,1000,256,0,0,0,0,0,1,0,0,0,0,0,0,0,1,0,0,0,114312
13.3,4,10,4,1.2,0,0,32,0,0,0,0,0,1,0,0,0,0,0,0,0,1,0,0,0,32472
15.6,4,15,8,2.3,0,1000,128,0,0,0,1,0,0,0,0,0,0,0,0,0,1,0,0,0,145112
15.6,4,16,8,1.93,0,0,256,0,0,0,0,0,1,0,0,0,0,0,0,0,1,0,0,0,120472
15.6,4,15,8,2.2,0,0,256,0,0,0,0,0,1,0,0,0,0,0,0,0,1,0,0,0,70172
15.6,4,12,4,1.86,0,0,256,0,0,0,0,0,1,0,0,0,0,0,0,0,1,0,0,0,35111
17.3,4,16,12,2.62,0,1000,0,0,0,0,1,0,0,0,0,0,0,0,0,0,1,0,0,0,158312
14.0,4,16,8,1.87,0,0,256,0,0,0,0,0,1,0,0,0,0,0,0,0,1,0,0,0,75592
13.3,13,16,8,1.2,1,0,256,0,0,0,0,0,0,1,0,0,0,0,0,0,1,0,0,0,123112
14.0,4,14,4,1.6,0,0,128,0,0,0,0,0,1,0,0,0,0,0,0,0,1,0,0,0,64757
13.3,13,16,8,1.34,0,0,256,0,0,0,0,0,0,1,0,0,0,0,0,0,1,0,0,0,100760
15.6,4,15,8,2.4,0,1000,0,0,0,0,1,0,0,0,0,0,0,1,0,0,0,0,0,0,70224
15.6,1,6,4,2.0,0,500,0,0,0,0,0,0,1,0,0,0,0,0,0,0,1,0,0,0,30712
15.6,4,14,4,2.1,0,0,128,0,0,0,0,0,1,0,0,0,0,0,0,0,1,0,0,0,62084
14.0,4,15,4,1.87,0,500,0,0,0,0,0,0,1,0,0,0,0,0,0,0,1,0,0,0,69080
15.6,4,15,4,2.15,0,1000,0,0,0,0,0,0,1,0,0,0,0,0,0,1,0,0,0,0,40687
15.6,4,14,4,1.86,0,500,0,0,0,0,0,0,1,0,0,0,0,0,0,0,1,0,0,0,34936
15.6,4,16,8,1.99,0,0,512,0,0,0,0,0,1,0,0,0,0,0,0,0,1,0,0,0,152152
15.6,4,14,4,2.2,0,0,128,0,0,0,0,0,1,0,0,0,0,0,0,0,1,0,0,0,43912
15.6,4,15,8,1.9,0,0,256,0,0,0,0,0,1,0,0,0,0,0,0,0,1,0,0,0,98295
17.3,4,16,16,4.42,0,1000,256,0,0,0,1,0,0,0,0,0,0,0,0,0,1,0,0,0,237512
17.3,3,14,8,2.65,0,1000,0,0,0,0,0,0,1,0,0,0,0,0,0,0,1,0,0,0,47885
17.3,4,16,8,2.63,0,1000,0,0,0,0,0,0,1,0,0,0,0,0,0,0,1,0,0,0,112640
15.6,1,10,4,2.0,0,500,0,0,0,0,0,0,1,0,0,0,0,1,0,0,0,0,0,0,19712
13.3,4,9,4,1.35,0,0,0,0,32,0,0,0,1,0,0,0,0,0,0,0,1,0,0,0,22440
17.3,3,16,6,2.8,0,1000,128,0,0,0,0,0,1,0,0,0,0,0,0,0,1,0,0,0,83512
15.6,4,0,6,1.91,0,0,128,0,0,0,0,0,1,0,0,0,0,0,0,0,1,0,0,0,50063
15.6,1,14,4,2.18,0,1000,0,0,0,0,0,0,1,0,0,0,0,0,0,0,1,0,0,0,54375
11.6,4,10,4,1.25,1,0,0,0,32,1,0,0,0,0,0,0,0,0,0,0,1,0,0,0,30712
15.6,4,14,4,2.05,0,0,128,0,0,0,0,0,1,0,0,0,0,0,0,0,1,0,0,0,55440
13.3,13,11,16,1.16,1,0,512,0,0,0,0,0,0,1,0,0,0,0,0,0,1,0,0,0,172920
17.3,4,16,8,3.4,0,0,256,0,0,0,0,0,1,0,0,0,0,0,0,0,1,0,0,0,263912
15.6,4,15,8,2.5,0,1000,128,0,0,0,0,0,1,0,0,0,0,0,0,0,1,0,0,0,73832
13.3,14,15,8,1.21,1,0,128,0,0,0,0,0,0,1,0,0,0,0,0,0,1,0,0,0,140712
15.6,1,15,4,1.93,0,500,0,0,0,0,0,0,1,0,0,0,0,0,0,0,1,0,0,0,84392
15.6,1,15,8,2.2,0,1000,0,0,0,0,0,0,1,0,0,0,0,0,0,0,1,0,0,0,65032
15.6,4,12,4,2.2,0,500,0,0,0,0,0,0,1,0,0,0,0,0,0,0,1,0,0,0,30272
14.0,1,15,4,2.02,0,500,0,0,0,0,0,0,1,0,0,0,0,0,0,0,1,0,0,0,87120
17.3,3,15,8,3.14,0,500,0,0,0,0,0,0,0,0,1,0,0,0,0,0,1,0,0,0,163767
14.0,1,12,8,1.94,0,2000,0,0,0,0,0,0,1,0,0,0,0,0,0,0,1,0,0,0,34232
15.6,4,5,6,1.95,0,0,256,0,0,0,0,0,1,0,0,0,0,0,0,0,1,0,0,0,57112
15.6,4,15,8,2.3,0,0,256,0,0,0,0,0,1,0,0,0,0,0,0,0,1,0,0,0,73040
15.6,4,15,4,2.05,0,500,0,0,0,0,0,0,1,0,0,0,0,0,0,0,1,0,0,0,60280
14.0,4,9,4,1.4,0,0,32,0,0,0,0,0,1,0,0,0,0,0,0,0,1,0,0,0,21912
14.0,4,16,16,1.24,1,0,512,0,0,0,0,0,0,1,0,0,0,0,0,0,1,0,0,0,164120
17.3,4,16,32,4.6,0,1000,256,0,0,0,1,0,0,0,0,0,0,0,0,0,1,0,0,0,234344
17.3,4,16,16,4.14,0,1000,512,0,0,0,1,0,0,0,0,0,0,0,0,0,1,0,0,0,240152
15.6,4,16,8,2.2,0,0,256,0,0,0,0,0,1,0,0,0,0,1,0,0,0,0,0,0,65913
14.0,4,10,4,1.45,0,0,32,0,0,0,0,0,1,0,0,0,0,0,0,0,1,0,0,0,34232
15.6,1,15,8,1.9,0,500,0,0,0,0,0,0,1,0,0,0,0,0,0,0,1,0,0,0,88750
13.3,4,14,4,1.49,0,0,128,0,0,0,0,0,1,0,0,0,0,0,0,0,1,0,0,0,63272
15.6,4,16,16,1.93,0,0,256,0,0,0,0,0,1,0,0,0,0,0,0,0,1,0,0,0,135290
11.6,1,10,4,1.26,0,0,0,0,16,0,0,1,0,0,0,0,1,0,0,0,0,0,0,0,25960
17.3,4,16,16,4.5,0,1000,128,0,0,0,1,0,0,0,0,0,0,0,0,0,1,0,0,0,206712
17.3,4,16,16,3.78,0,1000,256,0,0,0,1,0,0,0,0,0,0,0,0,0,1,0,0,0,131824
14.0,4,16,12,1.4,0,0,256,0,0,0,0,0,0,1,0,0,0,0,0,0,1,0,0,0,147224
15.6,1,16,12,2.2,1,1000,0,0,0,0,0,0,1,0,0,0,0,0,0,0,1,0,0,0,53592
17.3,4,15,8,2.73,0,1000,128,0,0,0,1,0,0,0,0,0,0,0,0,0,1,0,0,0,155760
15.6,1,15,8,2.2,1,1000,0,0,0,1,0,0,0,0,0,0,0,0,0,0,1,0,0,0,65032
15.6,4,1,12,2.2,0,0,512,0,0,0,0,0,1,0,0,0,0,0,0,0,1,0,0,0,83512
11.6,1,11,4,1.39,1,0,128,0,0,1,0,0,0,0,0,0,0,0,0,0,1,0,0,0,53064
15.6,4,16,16,2.5,0,1000,128,0,0,0,0,0,1,0,0,0,0,0,0,0,1,0,0,0,149512
17.3,4,14,4,2.8,0,500,0,0,0,0,0,0,1,0,0,0,0,0,0,1,0,0,0,0,46552
15.6,1,14,8,2.29,0,1000,0,0,0,0,0,0,1,0,0,0,0,0,0,0,1,0,0,0,40392
13.3,4,16,8,1.37,1,0,512,0,0,1,0,0,0,0,0,0,0,0,0,0,1,0,0,0,178200
14.0,4,15,8,1.7,0,0,256,0,0,0,0,0,1,0,0,0,0,0,0,0,1,0,0,0,129712
12.5,4,15,8,1.34,1,0,256,0,0,1,0,0,0,0,0,0,0,0,0,0,1,0,0,0,146960
15.6,4,16,8,2.06,1,0,256,0,0,0,0,0,0,0,1,0,0,0,0,0,1,0,0,0,155144
15.6,4,16,8,1.84,0,0,256,0,0,0,0,0,1,0,0,0,0,0,0,0,1,0,0,0,107272
15.6,1,14,4,2.1,0,500,0,0,0,0,0,0,1,0,0,0,0,0,0,0,1,0,0,0,58826
14.0,4,10,4,1.6,0,0,0,0,32,0,0,0,1,0,0,0,0,0,0,0,1,0,0,0,28952
17.3,4,16,16,4.14,0,1000,128,0,0,0,1,0,0,0,0,0,0,0,0,0,1,0,0,0,193512
15.6,1,14,4,2.18,0,1000,0,0,0,0,0,0,1,0,0,0,0,1,0,0,0,0,0,0,40920
15.6,14,16,16,1.8,0,2000,256,0,0,0,1,0,0,0,0,0,0,0,0,0,1,0,0,0,202312
15.6,4,16,8,2.2,0,0,256,0,0,0,0,0,1,0,0,0,0,0,0,0,1,0,0,0,123112
15.6,4,15,6,2.4,0,1000,0,0,0,0,0,0,1,0,0,0,0,0,0,0,1,0,0,0,49632
15.6,4,16,8,2.0,1,0,256,0,0,1,0,0,0,0,0,0,0,0,0,0,1,0,0,0,114312
14.0,1,12,4,1.6,0,0,0,0,128,0,0,0,1,0,0,0,0,0,0,0,1,0,0,0,30712
15.6,14,13,32,2.5,0,0,1000,0,0,0,0,0,1,0,0,0,0,0,0,0,1,0,0,0,431112
15.6,4,16,16,2.59,0,1000,0,0,0,0,1,0,0,0,0,0,0,0,0,0,1,0,0,0,77353
15.6,1,14,4,2.18,0,1000,0,0,0,0,0,0,1,0,0,0,0,1,0,0,0,0,0,0,39063
15.6,1,14,4,2.25,0,1000,0,0,0,0,0,0,1,0,0,0,0,1,0,0,0,0,0,0,31592
15.6,1,15,4,1.93,0,500,0,0,0,0,0,0,1,0,0,0,0,1,0,0,0,0,0,0,76472
17.3,4,16,8,3.0,0,1000,128,0,0,0,1,0,0,0,0,0,0,0,0,0,1,0,0,0,102784
15.6,4,15,4,2.18,0,0,128,0,0,0,0,0,1,0,0,0,0,1,0,0,0,0,0,0,50072
15.6,4,16,8,1.84,0,0,512,0,0,0,0,0,0,1,0,0,0,0,0,0,1,0,0,0,122232
15.6,4,16,16,2.94,0,1000,256,0,0,0,1,0,0,0,0,0,0,0,0,0,1,0,0,0,199572
11.6,1,10,4,1.25,1,0,0,0,32,1,0,0,0,0,0,0,1,0,0,0,0,0,0,0,33352
14.0,1,15,8,2.31,0,0,256,0,0,0,0,0,1,0,0,0,0,0,0,0,1,0,0,0,98912
14.0,4,15,8,1.65,0,0,256,0,0,0,0,0,1,0,0,0,0,0,0,0,0,0,1,0,128920
15.6,4,15,4,2.2,0,1000,0,0,0,0,0,0,1,0,0,0,0,0,0,0,1,0,0,0,68288
15.6,1,15,8,2.2,0,0,256,0,0,0,0,0,1,0,0,0,0,0,0,0,1,0,0,0,70312
15.6,1,15,4,1.88,0,500,0,0,0,0,0,0,1,0,0,0,0,0,0,0,0,0,1,0,82016
15.6,4,16,8,2.2,0,1000,0,0,0,0,0,0,1,0,0,0,0,0,0,0,1,0,0,0,79112
14.0,4,9,2,1.4,0,0,0,0,32,0,0,0,1,0,0,0,0,0,0,0,1,0,0,0,21032
15.6,4,15,4,2.2,0,0,128,0,0,0,0,0,1,0,0,0,0,0,0,1,0,0,0,0,41184
13.3,4,15,6,1.5,1,1000,0,0,0,1,0,0,0,0,0,0,0,0,0,0,1,0,0,0,56233
15.6,4,16,8,2.0,0,0,256,0,0,0,0,0,1,0,0,0,0,0,0,0,1,0,0,0,160160
14.0,4,16,16,1.1,0,0,512,0,0,0,0,0,0,1,0,0,0,0,0,0,1,0,0,0,167200
15.6,4,16,16,2.62,0,1000,256,0,0,0,1,0,0,0,0,0,0,0,0,0,1,0,0,0,130152
15.6,4,15,4,1.8,0,0,256,0,0,0,0,0,1,0,0,0,0,0,0,0,1,0,0,0,72952
15.6,4,14,4,2.2,0,1000,0,0,0,0,0,0,1,0,0,0,0,0,0,0,1,0,0,0,50952
15.6,1,10,8,2.0,0,1000,0,0,0,0,0,0,1,0,0,0,0,0,0,0,1,0,0,0,35112
15.6,4,15,8,1.99,0,1000,0,0,0,0,0,0,1,0,0,0,0,0,0,0,1,0,0,0,79783
13.3,13,15,8,1.23,1,0,256,0,0,0,0,0,0,1,0,0,0,0,0,0,1,0,0,0,164472
14.0,1,10,2,1.42,0,0,0,0,32,0,0,0,1,0,0,0,0,0,0,0,1,0,0,0,21912
13.3,4,16,8,1.37,1,0,256,0,0,1,0,0,0,0,0,0,0,0,0,0,1,0,0,0,154653
15.6,14,16,16,2.06,1,0,1000,0,0,0,0,0,1,0,0,0,0,0,0,0,1,0,0,0,211112
15.6,4,16,8,2.5,0,1000,128,0,0,0,1,0,0,0,0,0,0,0,0,0,1,0,0,0,97592
17.0,3,5,8,2.6,0,1000,0,0,0,0,0,0,1,0,0,0,0,0,0,0,1,0,0,0,45839
14.0,4,16,16,1.14,0,0,512,0,0,0,0,0,0,1,0,0,0,0,0,0,1,0,0,0,215600
15.6,4,16,8,2.5,0,1000,0,0,0,0,1,0,0,0,0,0,0,0,0,1,0,0,0,0,102872
15.6,1,14,4,2.4,0,500,0,0,0,0,0,0,1,0,0,0,0,0,0,0,1,0,0,0,39600
14.0,1,10,4,1.43,0,0,0,0,32,0,0,0,1,0,0,0,0,0,0,0,1,0,0,0,24112
14.0,4,15,8,1.8,0,0,256,0,0,0,0,0,0,1,0,0,0,0,0,0,1,0,0,0,80872
14.0,4,16,16,1.95,0,0,256,0,0,0,1,0,0,0,0,0,0,0,0,0,1,0,0,0,228712
13.3,4,15,8,1.2,0,0,256,0,0,0,0,0,1,0,0,0,0,0,0,0,1,0,0,0,106744
12.5,4,16,8,1.36,0,0,256,0,0,0,0,0,0,1,0,0,0,0,0,0,1,0,0,0,139392
17.3,4,16,32,3.8,0,0,512,0,0,0,1,0,0,0,0,0,0,0,0,0,1,0,0,0,246312
15.6,4,15,8,2.4,0,1000,0,0,0,0,1,0,0,0,0,0,0,1,0,0,0,0,0,0,62392
13.3,4,15,8,1.2,0,0,256,0,0,0,0,0,0,1,0,0,0,0,0,0,1,0,0,0,127591
15.6,4,16,8,2.2,0,1000,128,0,0,0,1,0,0,0,0,0,0,0,0,0,1,0,0,0,104878
15.6,1,14,4,1.86,0,500,0,0,0,0,0,0,1,0,0,0,0,0,0,1,0,0,0,0,32111
15.6,4,15,8,2.0,0,500,0,0,0,0,0,0,1,0,0,0,0,0,0,0,1,0,0,0,93632
15.6,4,16,8,2.2,0,0,256,0,0,0,0,0,1,0,0,0,0,0,0,0,1,0,0,0,80872
15.6,4,16,16,2.2,0,2000,256,0,0,0,0,0,1,0,0,0,0,0,0,0,1,0,0,0,99880
15.6,4,16,8,3.31,0,1000,128,0,0,0,1,0,0,0,0,0,0,0,0,0,1,0,0,0,105248
17.3,14,16,32,4.42,0,1000,512,0,0,0,1,0,0,0,0,0,0,0,0,0,1,0,0,0,276969
14.0,4,15,8,1.56,0,0,256,0,0,0,0,0,1,0,0,0,0,0,0,0,1,0,0,0,108152
15.6,1,10,4,2.2,0,500,0,0,0,0,0,0,1,0,0,0,0,0,0,0,1,0,0,0,36872
15.6,4,15,4,2.2,0,500,0,0,0,0,0,0,1,0,0,0,0,0,0,0,1,0,0,0,47080
15.6,4,14,6,2.04,0,1000,0,0,0,0,0,0,1,0,0,0,0,0,0,0,1,0,0,0,47432
17.3,4,16,8,2.7,0,1000,128,0,0,0,1,0,0,0,0,0,0,0,0,0,1,0,0,0,130836
15.6,1,14,4,2.1,0,0,128,0,0,0,0,0,1,0,0,0,0,0,0,0,1,0,0,0,43824
15.6,4,15,8,2.06,0,1000,0,0,0,0,0,0,1,0,0,0,0,0,0,0,1,0,0,0,84040
15.6,4,16,8,2.1,0,1000,0,0,0,0,0,0,1,0,0,0,0,0,0,0,1,0,0,0,65560
15.6,4,15,8,2.0,0,0,256,0,0,0,0,0,1,0,0,0,0,0,0,0,1,0,0,0,110704
15.6,1,14,4,2.1,0,0,128,0,0,0,0,0,1,0,0,0,0,1,0,0,0,0,0,0,36256
13.5,8,16,8,1.25,1,0,256,0,0,0,0,0,0,1,0,0,0,0,0,0,0,1,0,0,164371
15.6,4,15,8,1.9,0,1000,128,0,0,0,0,0,1,0,0,0,0,0,0,0,1,0,0,0,71980
13.3,4,15,8,1.3,1,0,256,0,0,1,0,0,0,0,0,0,0,0,0,0,1,0,0,0,90992
15.6,1,6,4,2.2,0,0,128,0,0,0,0,0,1,0,0,0,0,0,0,0,1,0,0,0,30712
14.0,4,14,4,1.63,1,0,128,0,0,1,0,0,0,0,0,0,0,0,0,0,1,0,0,0,61512
15.6,4,16,16,2.4,0,1000,256,0,0,0,1,0,0,0,0,0,0,0,0,0,1,0,0,0,113872
14.0,4,15,8,1.1,0,0,256,0,0,0,0,0,0,1,0,0,0,0,0,0,1,0,0,0,99880
11.6,1,10,8,1.4,1,0,0,0,64,1,0,0,0,0,0,0,1,0,0,0,0,0,0,0,43560
15.6,4,16,8,1.09,0,0,512,0,0,0,0,0,0,1,0,0,0,0,0,0,1,0,0,0,202312
15.6,4,15,16,2.5,0,0,256,0,0,0,1,0,0,0,0,0,0,0,0,0,1,0,0,0,114312
15.6,4,15,8,2.2,0,0,256,0,0,0,1,0,0,0,0,0,0,0,0,0,1,0,0,0,87815
15.6,1,10,4,1.86,0,0,128,0,0,0,0,0,1,0,0,0,0,0,0,0,1,0,0,0,36872
15.6,4,15,16,3.21,0,1000,128,0,0,0,1,0,0,0,0,0,0,0,0,0,1,0,0,0,180488
17.3,4,14,4,2.5,0,0,256,0,0,0,0,0,1,0,0,0,0,0,0,0,1,0,0,0,61512
13.3,4,16,8,1.19,1,0,512,0,0,1,0,0,0,0,0,0,0,0,0,0,1,0,0,0,131912
15.6,4,16,16,3.49,0,1000,256,0,0,0,1,0,0,0,0,0,0,0,0,0,1,0,0,0,247610
15.6,1,15,4,1.86,0,500,0,0,0,0,0,0,1,0,0,0,0,0,0,0,1,0,0,0,53910
15.6,1,14,4,2.2,0,1000,0,0,0,0,0,0,1,0,0,0,0,0,0,0,1,0,0,0,48019
17.3,4,0,6,2.65,0,2000,0,0,0,0,0,0,1,0,0,0,0,0,0,0,1,0,0,0,50072
15.6,1,10,4,2.1,0,500,0,0,0,0,0,0,1,0,0,0,0,0,0,0,1,0,0,0,27984
14.0,1,10,4,1.45,0,0,0,0,32,0,0,0,1,0,0,0,1,0,0,0,0,0,0,0,33000
14.0,4,15,4,1.7,0,0,256,0,0,0,0,0,1,0,0,0,0,0,0,0,1,0,0,0,61512
17.3,4,16,8,3.14,0,500,0,0,0,0,0,0,0,0,1,0,0,0,0,0,1,0,0,0,167903
14.0,9,16,8,1.42,1,0,256,0,0,1,0,0,0,0,0,0,0,0,0,0,1,0,0,0,227920
13.3,4,15,8,1.5,0,0,256,0,0,0,0,0,1,0,0,0,0,0,0,0,1,0,0,0,85624
11.6,1,10,4,1.4,0,0,0,0,32,0,0,1,0,0,0,0,0,0,0,0,1,0,0,0,23672
14.0,4,16,16,1.38,1,0,512,0,0,1,0,0,0,0,0,0,0,0,0,0,1,0,0,0,153912
12.5,4,11,4,1.2,1,0,0,0,64,1,0,0,0,0,0,0,1,0,0,0,0,0,0,0,58872
13.3,4,16,16,1.36,1,0,512,0,0,0,0,0,0,1,0,0,0,0,0,0,1,0,0,0,165176
15.6,4,16,4,2.1,0,500,0,0,0,0,0,0,1,0,0,0,0,0,0,0,1,0,0,0,60632
15.6,4,15,8,2.56,0,1000,0,0,0,0,1,0,0,0,0,0,0,0,0,0,1,0,0,0,72072
15.6,4,5,4,2.2,0,0,256,0,0,0,0,0,1,0,0,0,0,0,0,0,1,0,0,0,35112
15.6,1,1,8,2.2,0,1000,0,0,0,0,0,0,1,0,0,0,0,0,0,0,1,0,0,0,37752
15.6,4,15,4,2.1,0,1000,0,0,0,0,0,0,1,0,0,0,0,0,0,0,1,0,0,0,54688
15.6,1,14,4,1.9,0,500,0,0,0,0,0,0,1,0,0,0,0,0,0,1,0,0,0,0,39600
15.6,4,15,8,2.18,0,0,256,0,0,0,0,0,1,0,0,0,0,0,0,0,1,0,0,0,69960
13.3,4,15,8,1.6,1,0,256,0,0,1,0,0,0,0,0,0,0,0,0,0,1,0,0,0,87912
15.6,4,16,16,2.18,0,0,512,0,0,0,0,0,0,0,1,0,0,0,0,0,0,0,1,0,163240
14.0,4,15,8,1.8,0,0,256,0,0,0,0,0,1,0,0,0,0,0,0,0,1,0,0,0,104808
17.3,4,0,6,2.71,0,2000,0,0,0,0,0,0,1,0,0,0,0,0,0,0,1,0,0,0,57641
15.6,4,16,8,2.5,0,1000,128,0,0,0,1,0,0,0,0,0,0,0,0,0,1,0,0,0,109912
14.0,4,15,8,1.64,0,0,256,0,0,0,0,0,1,0,0,0,0,1,0,0,0,0,0,0,95832
15.6,4,15,8,1.98,0,1000,0,0,0,0,0,0,1,0,0,0,0,1,0,0,0,0,0,0,63888
14.0,4,10,4,1.5,0,0,0,0,32,0,0,0,1,0,0,0,0,0,0,0,1,0,0,0,26224
15.6,4,15,16,1.93,0,0,512,0,0,0,0,0,1,0,0,0,0,0,0,0,1,0,0,0,125546
14.0,4,15,8,1.87,0,0,256,0,0,0,0,0,1,0,0,0,0,0,0,0,1,0,0,0,75422
15.6,4,15,8,1.9,0,0,256,0,0,0,0,0,1,0,0,0,0,0,0,0,1,0,0,0,103752
15.6,1,3,4,2.19,0,500,0,0,0,0,0,0,1,0,0,0,0,0,0,0,1,0,0,0,26224
14.0,5,9,4,1.4,0,32,0,0,0,0,0,0,1,0,0,0,0,0,0,0,1,0,0,0,23320
17.3,4,16,8,2.63,0,0,256,0,0,0,0,0,1,0,0,0,0,0,0,0,1,0,0,0,105600
14.0,9,16,8,1.17,0,0,512,0,0,0,0,0,0,1,0,0,0,0,0,0,1,0,0,0,148424
13.3,1,15,8,1.58,1,0,256,0,0,1,0,0,0,0,0,0,0,0,0,0,1,0,0,0,73621
14.0,4,15,8,1.32,0,0,256,0,0,0,0,0,0,1,0,0,0,0,0,0,1,0,0,0,131912
17.3,14,16,32,4.36,0,1000,1000,0,0,0,1,0,0,0,0,0,0,0,0,0,1,0,0,0,322027
17.3,4,16,8,2.7,0,1000,128,0,0,0,1,0,0,0,0,0,0,0,0,0,1,0,0,0,118666
15.6,1,15,4,1.9,0,1000,0,0,0,0,0,0,1,0,0,0,0,0,0,1,0,0,0,0,43111
15.6,4,15,8,2.2,0,1000,128,0,0,0,0,0,1,0,0,0,0,0,0,0,1,0,0,0,63272
13.3,4,14,4,1.71,1,1000,0,0,0,1,0,0,0,0,0,0,0,0,0,0,1,0,0,0,57112
15.6,1,15,8,2.32,0,1000,0,0,0,0,0,0,1,0,0,0,0,1,0,0,0,0,0,0,51878
15.6,4,5,4,2.1,0,1000,0,0,0,0,0,0,1,0,0,0,0,0,0,0,1,0,0,0,43032
17.3,4,16,16,4.2,0,1000,128,0,0,0,1,0,0,0,0,0,0,0,0,0,1,0,0,0,170280
15.6,1,15,12,2.25,0,1000,0,0,0,0,0,0,1,0,0,0,0,0,0,0,1,0,0,0,57112
15.6,4,5,6,2.1,0,1000,128,0,0,0,0,0,1,0,0,0,0,0,0,0,1,0,0,0,57200
15.6,1,15,4,2.4,0,500,0,0,0,0,0,0,1,0,0,0,0,0,0,0,1,0,0,0,49192
13.3,4,15,8,1.44,0,0,256,0,0,0,0,0,1,0,0,0,0,0,0,0,1,0,0,0,84480
15.6,4,16,4,1.85,0,1000,0,0,0,0,0,0,1,0,0,0,0,0,0,0,1,0,0,0,68552
15.6,4,16,16,2.6,0,0,256,0,0,0,0,0,0,0,1,0,0,0,0,0,1,0,0,0,212872
13.3,4,15,8,1.55,1,1000,0,0,0,1,0,0,0,0,0,0,0,0,0,0,1,0,0,0,57992
15.6,4,16,16,1.8,0,1000,256,0,0,0,1,0,0,0,0,0,0,0,0,0,1,0,0,0,184314
15.6,1,14,4,2.4,0,500,0,0,0,0,0,0,1,0,0,0,0,0,0,0,1,0,0,0,36150
15.6,4,16,8,2.0,0,1000,128,0,0,0,0,0,1,0,0,0,0,0,0,0,1,0,0,0,106216
15.6,1,14,8,2.0,0,0,256,0,0,0,0,0,1,0,0,0,0,0,0,0,1,0,0,0,58520
14.0,4,15,8,1.25,1,0,256,0,0,0,0,0,1,0,0,0,0,0,0,0,1,0,0,0,135080
14.0,4,15,8,1.7,1,0,256,0,0,1,0,0,0,0,0,0,0,0,0,0,1,0,0,0,87912
15.6,14,16,16,2.5,0,0,1000,0,0,0,0,0,0,0,1,0,0,0,0,0,1,0,0,0,290312
14.0,1,10,2,1.68,0,0,0,0,32,0,0,0,1,0,0,0,1,0,0,0,0,0,0,0,29040
13.3,4,16,16,0.81,0,0,256,0,0,0,0,0,0,1,0,0,0,0,0,0,1,0,0,0,145112
15.6,4,14,8,1.86,0,0,256,0,0,0,0,0,1,0,0,0,0,0,0,0,1,0,0,0,47432
14.0,1,15,8,1.6,0,0,256,0,0,0,0,0,1,0,0,0,0,0,0,0,1,0,0,0,99150
17.3,4,13,16,3.0,0,0,256,0,0,0,0,0,0,0,1,0,0,0,0,0,0,0,1,0,386232
11.6,1,10,4,1.4,1,0,128,0,0,0,0,1,0,0,0,0,0,0,0,0,1,0,0,0,41800
15.6,4,15,8,1.84,0,0,256,0,0,0,0,0,1,0,0,0,0,0,0,0,1,0,0,0,167200
15.6,1,15,4,2.45,0,1000,0,0,0,0,0,0,1,0,0,0,0,0,0,1,0,0,0,0,50952
14.0,4,15,4,1.7,0,0,180,0,0,0,0,0,0,1,0,0,0,0,0,0,1,0,0,0,96448
15.6,1,16,4,2.37,0,0,256,0,0,0,0,0,1,0,0,0,0,0,0,0,1,0,0,0,74791
13.3,13,15,8,1.3,1,0,256,0,0,1,0,0,0,0,0,0,0,0,0,0,1,0,0,0,105512
15.6,4,15,8,2.2,0,1000,128,0,0,0,0,0,1,0,0,0,0,0,0,0,1,0,0,0,96712
15.6,4,16,8,2.59,0,0,256,0,0,0,0,0,0,0,1,0,0,0,0,0,0,0,1,0,137368
15.6,14,16,16,4.42,0,1000,256,0,0,0,1,0,0,0,0,0,0,0,0,0,1,0,0,0,252471
15.6,1,15,4,2.1,0,0,256,0,0,0,0,0,1,0,0,0,0,0,0,0,1,0,0,0,52712
15.6,4,16,8,2.5,0,1000,128,0,0,0,1,0,0,0,0,0,0,0,0,0,1,0,0,0,92224
12.5,4,16,16,1.18,0,0,256,0,0,0,0,0,0,1,0,0,0,0,0,0,1,0,0,0,163592
12.3,10,15,8,1.1,1,0,256,0,0,0,0,0,0,1,0,0,1,0,0,0,0,0,0,0,137192
13.3,13,15,8,1.2,0,0,256,0,0,0,0,0,0,1,0,0,0,0,0,0,1,0,0,0,99352
13.3,1,14,4,1.65,0,500,0,0,0,0,0,0,1,0,0,0,0,0,0,0,1,0,0,0,74712
13.3,1,15,4,1.6,0,0,128,0,0,0,0,0,1,0,0,0,0,0,0,0,1,0,0,0,57640
17.3,1,12,4,2.8,0,1000,0,0,0,0,0,0,1,0,0,0,0,0,0,0,1,0,0,0,41390
15.6,14,16,16,2.72,1,1000,128,0,0,0,1,0,0,0,0,0,0,0,0,0,1,0,0,0,96712
13.3,4,16,8,1.31,1,0,256,0,0,0,0,0,0,1,0,0,0,0,0,0,1,0,0,0,140712
15.6,1,12,4,2.1,0,1000,0,0,0,0,0,0,1,0,0,0,0,1,0,0,0,0,0,0,26224
15.6,4,16,16,2.3,0,0,256,0,0,0,0,0,1,0,0,0,0,0,0,0,1,0,0,0,103952
15.0,4,16,16,1.71,1,0,256,0,0,1,0,0,0,0,0,0,0,0,0,0,1,0,0,0,158312
14.0,1,15,4,1.75,0,0,128,0,0,0,0,0,1,0,0,0,0,0,0,0,1,0,0,0,89760
15.6,4,16,8,2.62,0,1000,0,0,0,0,1,0,0,0,0,0,0,0,0,0,1,0,0,0,96712
12.5,1,15,4,1.26,0,0,256,0,0,0,0,0,0,1,0,0,0,0,0,0,1,0,0,0,109472
15.6,4,16,12,2.3,1,2000,0,0,0,1,0,0,0,0,0,0,0,0,0,0,1,0,0,0,73832
15.6,14,16,16,2.5,0,0,512,0,0,0,0,0,1,0,0,0,0,0,0,0,0,0,1,0,208560
14.0,4,14,4,1.8,0,0,128,0,0,0,0,0,1,0,0,0,0,0,0,0,1,0,0,0,55968
14.0,4,16,16,1.95,0,0,512,0,0,0,1,0,0,0,0,0,0,0,0,0,1,0,0,0,255112
15.6,4,12,8,2.0,0,0,128,0,0,0,0,0,1,0,0,0,0,0,0,0,1,0,0,0,51207
17.3,4,16,32,4.42,0,1000,1000,0,0,0,1,0,0,0,0,0,0,0,0,0,1,0,0,0,315814
17.3,4,16,16,4.3,0,1000,256,0,0,0,1,0,0,0,0,0,0,0,0,0,1,0,0,0,206800
14.0,4,16,16,1.47,0,0,512,0,0,0,0,0,0,1,0,0,0,0,0,0,1,0,0,0,155232
15.6,1,10,8,2.2,0,1000,0,0,0,0,0,0,1,0,0,0,0,0,0,1,0,0,0,0,28952
14.0,4,16,16,1.7,0,0,512,0,0,0,0,0,0,1,0,0,0,0,0,0,1,0,0,0,202312
14.0,4,16,16,1.6,0,1000,256,0,0,0,1,0,0,0,0,0,0,0,0,0,1,0,0,0,166408
15.6,4,15,8,2.2,0,1000,128,0,0,0,1,0,0,0,0,0,0,0,0,0,1,0,0,0,95832
15.6,4,16,4,2.4,0,1000,0,0,0,0,1,0,0,0,0,0,0,0,0,0,1,0,0,0,87912
17.3,4,16,16,4.2,0,1000,256,0,0,0,1,0,0,0,0,0,0,0,0,0,1,0,0,0,202312
15.6,4,15,8,2.62,0,0,256,0,0,0,1,0,0,0,0,0,0,0,0,0,1,0,0,0,86680
15.6,4,16,8,2.24,0,1000,128,0,0,0,1,0,0,0,0,0,0,0,0,0,1,0,0,0,117832
14.0,4,10,4,1.22,0,0,0,0,32,0,0,0,1,0,0,0,0,0,0,0,1,0,0,0,17855
13.3,4,16,8,1.37,1,0,512,0,0,1,0,0,0,0,0,0,0,0,0,0,1,0,0,0,173360
15.6,4,15,8,2.08,1,0,256,0,0,1,0,0,0,0,0,0,0,0,0,0,1,0,0,0,84392
12.0,7,11,8,0.92,0,0,0,0,512,0,0,0,0,1,0,0,0,0,1,0,0,0,0,0,102520
14.0,9,15,8,1.42,1,0,256,0,0,1,0,0,0,0,0,0,0,0,0,0,1,0,0,0,205040
14.0,1,10,4,1.63,0,0,0,0,32,0,0,0,1,0,0,0,0,0,0,0,1,0,0,0,26312
15.6,1,15,8,1.95,0,0,128,0,0,0,0,0,1,0,0,0,0,0,0,0,1,0,0,0,71280
13.9,4,16,8,1.38,1,0,256,0,0,1,0,0,0,0,0,0,0,0,0,0,1,0,0,0,118712
15.6,4,14,8,2.0,0,0,256,0,0,0,0,0,1,0,0,0,0,0,0,0,1,0,0,0,65032
15.6,4,16,8,3.14,0,0,256,0,0,0,0,0,0,0,1,0,0,0,0,0,1,0,0,0,181711
15.6,4,15,8,2.37,0,0,256,0,0,0,0,0,1,0,0,0,0,0,0,0,1,0,0,0,96712
13.3,4,15,8,1.29,0,0,256,0,0,0,0,0,0,1,0,0,0,0,0,0,1,0,0,0,131912
15.6,14,15,8,2.06,1,0,256,0,0,0,0,0,1,0,0,0,0,0,0,0,1,0,0,0,153912
11.6,1,12,4,1.63,0,0,128,0,0,0,0,1,0,0,0,0,0,0,0,0,1,0,0,0,65472
12.5,1,15,8,1.26,0,0,256,0,0,0,0,1,0,0,0,0,0,0,0,0,1,0,0,0,122232
15.6,1,15,4,2.1,0,500,0,0,0,0,0,0,1,0,0,0,0,0,0,0,1,0,0,0,68640
15.6,1,1,8,2.04,0,2000,0,0,0,0,0,0,1,0,0,0,0,0,0,0,1,0,0,0,55352
15.6,14,16,16,2.62,0,0,512,0,0,0,1,0,0,0,0,0,0,0,0,0,1,0,0,0,147752
15.6,4,15,4,2.4,0,1000,0,0,0,0,0,0,1,0,0,0,0,0,0,0,1,0,0,0,53592
17.3,4,16,12,3.74,0,1000,0,0,0,0,1,0,0,0,0,0,0,0,0,0,1,0,0,0,153912
17.3,4,16,16,2.9,0,1000,512,0,0,0,1,0,0,0,0,0,0,0,0,0,1,0,0,0,212520
13.3,4,15,8,0.81,0,0,256,0,0,0,0,0,0,1,0,0,0,0,0,0,1,0,0,0,131912
15.6,4,16,8,1.98,0,1000,0,0,0,0,0,0,1,0,0,0,0,0,0,0,1,0,0,0,84568
15.6,4,15,8,2.18,0,0,256,0,0,0,0,0,1,0,0,0,0,0,0,0,1,0,0,0,69503
14.0,4,16,8,1.32,0,0,256,0,0,0,0,0,0,1,0,0,0,0,0,0,1,0,0,0,163592
12.5,14,16,16,1.29,1,0,512,0,0,0,0,0,0,1,0,0,0,0,0,0,1,0,0,0,158312
11.6,1,10,4,1.23,0,0,0,0,16,0,0,1,0,0,0,0,1,0,0,0,0,0,0,0,33880
17.3,4,16,16,4.36,0,1000,128,0,0,0,1,0,0,0,0,0,0,0,0,0,1,0,0,0,220442
14.0,1,15,4,1.76,0,500,0,0,0,0,0,0,1,0,0,0,0,0,0,0,1,0,0,0,66440
15.6,1,14,4,2.1,0,500,0,0,0,0,0,0,1,0,0,0,0,0,0,0,1,0,0,0,43111
14.0,1,15,4,1.25,0,0,128,0,0,0,0,0,0,1,0,0,0,0,0,0,1,0,0,0,95920
14.0,4,16,8,1.13,0,0,512,0,0,0,0,0,0,1,0,0,0,0,0,0,1,0,0,0,219912
15.6,4,15,8,2.4,0,0,256,0,0,0,1,0,0,0,0,0,0,0,0,0,1,0,0,0,105512
14.0,4,15,8,1.13,0,0,0,0,256,0,0,0,0,1,0,0,0,0,0,0,1,0,0,0,165000
14.0,1,12,4,1.75,0,0,128,0,0,0,0,0,1,0,0,0,0,0,0,0,1,0,0,0,43912
13.3,4,15,8,1.1,1,0,256,0,0,1,0,0,0,0,0,0,0,0,0,0,1,0,0,0,119504
14.0,1,14,4,1.76,0,500,0,0,0,0,0,0,1,0,0,0,0,0,0,0,1,0,0,0,51480
11.6,1,10,4,1.35,0,0,0,0,32,0,0,1,0,0,0,0,1,0,0,0,0,0,0,0,31240
14.0,4,14,8,1.5,0,0,128,0,0,0,0,0,1,0,0,0,0,0,0,0,1,0,0,0,54472
17.3,14,16,32,3.49,1,0,512,0,0,0,1,0,0,0,0,0,0,0,0,0,1,0,0,0,483912
14.0,9,16,16,1.1,0,0,512,0,0,0,0,0,0,1,0,0,0,0,0,0,1,0,0,0,184712
15.6,4,15,4,2.1,0,1000,0,0,0,0,0,0,1,0,0,0,0,1,0,0,0,0,0,0,45672
14.0,4,15,8,1.7,0,0,256,0,0,0,0,0,1,0,0,0,0,0,0,0,1,0,0,0,104368
14.0,4,15,8,1.32,0,0,256,0,0,0,0,0,1,0,0,0,0,0,0,0,1,0,0,0,145200
15.6,4,16,16,3.21,0,1000,256,0,0,0,1,0,0,0,0,0,0,0,0,0,1,0,0,0,244167
17.3,4,16,16,2.9,0,1000,256,0,0,0,1,0,0,0,0,0,0,0,0,0,1,0,0,0,212872
15.6,1,14,4,2.0,0,500,0,0,0,0,0,0,1,0,0,0,0,0,0,0,1,0,0,0,58872
14.0,1,10,4,1.5,0,0,0,0,16,0,0,0,1,0,0,0,1,0,0,0,0,0,0,0,28600
15.6,4,15,8,2.3,0,128,0,0,0,0,0,0,1,0,0,0,0,0,0,0,1,0,0,0,51920
17.3,4,16,16,2.73,0,1000,512,0,0,0,1,0,0,0,0,0,0,0,0,0,1,0,0,0,158312
17.3,4,16,32,4.42,0,1000,512,0,0,0,1,0,0,0,0,0,0,0,0,0,1,0,0,0,270414
17.3,3,15,8,2.63,0,1000,0,0,0,0,0,0,1,0,0,0,0,0,0,0,1,0,0,0,80080
15.6,1,15,8,2.18,0,0,128,0,0,0,0,0,1,0,0,0,0,0,0,0,1,0,0,0,62831
14.0,4,16,8,1.54,0,0,512,0,0,0,0,0,0,1,0,0,0,0,0,0,0,0,1,0,164560
15.6,4,16,4,2.18,0,0,256,0,0,0,0,0,1,0,0,0,0,0,0,0,1,0,0,0,65032
11.6,1,10,4,1.4,1,0,0,0,32,1,0,0,0,0,0,0,1,0,0,0,0,0,0,0,54120
13.3,4,15,8,1.45,0,0,512,0,0,0,0,0,0,1,0,0,0,0,0,0,1,0,0,0,90288
13.3,4,15,8,1.28,1,0,256,0,0,1,0,0,0,0,0,0,0,0,0,0,1,0,0,0,200376
14.0,4,16,8,1.54,0,0,512,0,0,0,0,0,0,1,0,0,0,0,0,0,1,0,0,0,129184
15.6,1,10,4,1.86,0,0,128,0,0,0,0,0,1,0,0,0,0,0,0,1,0,0,0,0,26312
15.6,4,16,16,2.1,0,1000,128,0,0,0,1,0,0,0,0,0,0,0,0,0,1,0,0,0,167112
17.3,4,16,8,2.83,0,1000,0,0,0,0,0,0,1,0,0,0,0,1,0,0,0,0,0,0,76120
14.0,4,16,8,1.96,0,0,256,0,0,0,0,0,0,1,0,0,0,0,0,0,1,0,0,0,167464
15.6,4,16,8,2.3,0,0,256,0,0,0,0,0,1,0,0,0,0,0,0,0,1,0,0,0,69256
15.6,4,15,8,1.9,0,0,128,0,0,0,0,0,1,0,0,0,0,0,0,0,1,0,0,0,83160
15.6,1,12,4,2.0,0,1000,0,0,0,0,0,0,1,0,0,0,0,0,0,0,1,0,0,0,39512
13.3,4,16,8,1.28,1,0,256,0,0,1,0,0,0,0,0,0,0,0,0,0,1,0,0,0,225192
13.3,4,15,8,1.62,1,1000,0,0,0,0,0,0,1,0,0,0,0,0,0,0,1,0,0,0,57112
15.6,4,14,4,2.2,0,1000,0,0,0,0,0,0,1,0,0,0,0,0,0,1,0,0,0,0,41272
15.6,4,15,8,2.3,0,1000,0,0,0,0,0,0,1,0,0,0,0,0,0,0,1,0,0,0,74858
15.6,4,15,8,1.84,0,0,256,0,0,0,0,0,1,0,0,0,0,0,0,0,1,0,0,0,118712
13.3,4,15,4,1.05,0,0,128,0,0,0,0,0,1,0,0,0,0,0,0,0,1,0,0,0,113080
15.6,4,15,8,2.5,0,1000,0,0,0,0,1,0,0,0,0,0,0,0,0,1,0,0,0,0,89496
13.3,13,16,16,1.29,1,0,512,0,0,0,0,0,0,1,0,0,0,0,0,0,1,0,0,0,197120
15.6,4,15,4,2.07,0,500,0,0,0,0,0,0,1,0,0,0,0,0,0,0,1,0,0,0,80080
13.3,1,15,8,1.2,0,0,256,0,0,0,0,0,0,1,0,0,0,0,0,0,1,0,0,0,96360
13.3,4,16,8,1.37,1,0,256,0,0,1,0,0,0,0,0,0,0,0,0,0,1,0,0,0,171600
14.0,4,15,8,1.56,0,0,256,0,0,0,0,0,1,0,0,0,0,0,0,0,1,0,0,0,79376
15.6,4,16,8,2.23,0,1000,0,0,0,0,0,0,0,0,1,0,0,0,0,0,1,0,0,0,156464
15.6,1,15,4,2.38,0,500,0,0,0,0,0,0,1,0,0,0,0,0,0,0,1,0,0,0,92840
15.6,4,14,4,2.2,0,1000,0,0,0,0,0,0,1,0,0,0,0,0,0,1,0,0,0,0,42152
15.6,4,16,8,2.0,0,0,256,0,0,0,0,0,1,0,0,0,0,0,0,0,1,0,0,0,122144
13.3,4,14,4,1.44,0,0,180,0,0,0,0,0,1,0,0,0,0,0,0,0,1,0,0,0,64680
15.0,4,16,16,1.23,0,0,256,0,0,0,0,0,0,1,0,0,0,0,0,0,1,0,0,0,162712
12.5,4,16,8,1.6,0,0,256,0,0,0,0,0,0,1,0,0,0,0,0,0,1,0,0,0,148720
15.6,1,12,4,2.0,0,1000,0,0,0,0,0,0,1,0,0,0,0,1,0,0,0,0,0,0,35111
13.3,4,15,8,1.28,0,0,256,0,0,0,0,0,0,1,0,0,0,0,0,0,1,0,0,0,82280
15.6,4,15,4,2.18,0,1000,128,0,0,0,0,0,1,0,0,0,0,0,0,0,1,0,0,0,80300
15.6,4,15,4,2.04,0,0,256,0,0,0,0,0,1,0,0,0,0,0,0,0,1,0,0,0,73832
13.3,4,15,4,1.28,1,0,256,0,0,1,0,0,0,0,0,0,0,0,0,0,1,0,0,0,149600
15.6,1,15,4,2.3,1,500,0,0,0,1,0,0,0,0,0,0,0,0,0,0,1,0,0,0,60262
14.1,1,10,4,1.65,0,0,0,0,32,0,0,0,1,0,0,0,0,0,0,0,1,0,0,0,30624
15.6,4,16,8,2.2,0,1000,0,0,0,0,0,0,1,0,0,0,0,0,0,0,1,0,0,0,58872
15.6,1,12,4,2.2,0,500,0,0,0,0,0,0,1,0,0,0,0,0,0,0,1,0,0,0,32472
13.3,4,15,4,1.28,1,0,256,0,0,1,0,0,0,0,0,0,0,0,0,0,1,0,0,0,158312
15.6,1,14,4,2.18,0,1000,0,0,0,0,0,0,1,0,0,0,0,1,0,0,0,0,0,0,40102
17.3,4,15,12,2.2,0,1000,128,0,0,0,1,0,0,0,0,0,0,0,0,0,1,0,0,0,120551
11.6,1,10,4,1.25,0,0,0,0,32,0,0,1,0,0,0,0,1,0,0,0,0,0,0,0,26136
17.3,3,2,4,2.8,0,500,0,0,0,0,0,0,1,0,0,0,0,0,0,0,1,0,0,0,33352
14.0,4,15,4,1.95,0,0,128,0,0,0,0,0,1,0,0,0,0,0,0,0,1,0,0,0,111320
13.3,13,16,16,1.42,1,0,256,0,0,1,0,0,0,0,0,0,0,0,0,0,1,0,0,0,123112
15.0,4,16,8,1.17,0,0,256,0,0,0,0,0,0,1,0,0,0,0,0,0,1,0,0,0,149512
14.0,4,15,8,1.32,0,0,256,0,0,0,0,0,0,1,0,0,0,0,0,0,1,0,0,0,158312
17.3,14,16,16,2.43,0,2000,512,0,0,0,1,0,0,0,0,0,0,0,0,0,1,0,0,0,233112
13.3,4,15,8,1.05,0,0,256,0,0,0,0,0,1,0,0,0,0,0,0,0,1,0,0,0,129800
15.6,4,16,8,2.62,0,1000,0,0,0,0,1,0,0,0,0,0,0,1,0,0,0,0,0,0,81752
15.6,4,16,8,2.04,0,1000,0,0,0,0,0,0,1,0,0,0,0,0,0,0,1,0,0,0,79200
15.6,1,14,4,2.18,0,1000,0,0,0,0,0,0,1,0,0,0,0,0,0,0,1,0,0,0,54032
15.6,4,15,8,1.9,0,500,0,0,0,0,0,0,1,0,0,0,0,0,0,0,1,0,0,0,82280
13.3,13,16,8,1.24,1,0,512,0,0,1,0,0,0,0,0,0,0,0,0,0,1,0,0,0,177153
17.3,4,16,32,3.58,0,0,512,0,0,0,1,0,0,0,0,0,0,0,0,0,1,0,0,0,112552
13.3,4,16,16,1.22,1,0,256,0,0,1,0,0,0,0,0,0,0,0,0,0,1,0,0,0,145112
14.0,4,16,8,1.13,0,0,0,0,256,0,0,0,0,1,0,0,0,0,0,0,1,0,0,0,180312
15.6,4,15,8,1.95,0,0,512,0,0,0,0,0,1,0,0,0,0,0,0,0,1,0,0,0,172743
15.6,4,16,16,1.08,1,0,512,0,0,0,0,0,0,1,0,0,0,0,0,0,1,0,0,0,184712
12.5,4,16,8,1.26,0,0,512,0,0,0,0,1,0,0,0,0,0,0,0,0,1,0,0,0,130504
15.6,4,10,4,2.2,0,0,0,0,16,0,0,0,1,0,0,0,1,0,0,0,0,0,0,0,31592
15.6,4,15,8,2.6,0,1000,128,0,0,0,0,0,1,0,0,0,0,0,0,0,1,0,0,0,69432
14.0,4,16,8,0.98,1,0,512,0,0,0,0,0,0,1,0,0,0,0,0,0,1,0,0,0,167112
14.0,4,15,8,1.6,0,0,256,0,0,0,0,0,1,0,0,0,0,0,0,0,1,0,0,0,106040
12.5,14,11,8,1.09,1,0,240,0,0,0,0,0,0,1,0,0,0,0,0,0,1,0,0,0,272800
15.6,4,16,6,2.2,0,0,256,0,0,0,0,0,1,0,0,0,0,0,0,0,1,0,0,0,69432
15.6,4,16,8,2.04,0,0,256,0,0,0,0,0,1,0,0,0,0,0,0,0,1,0,0,0,89671
15.6,4,14,4,2.4,0,1000,0,0,0,0,0,0,1,0,0,0,0,0,0,0,1,0,0,0,43912
13.3,4,15,4,1.44,0,0,128,0,0,0,0,0,1,0,0,0,0,0,0,0,1,0,0,0,77528
13.3,4,15,8,1.49,0,0,256,0,0,0,0,0,1,0,0,0,0,0,0,0,1,0,0,0,84480
17.3,4,16,16,2.7,0,1000,256,0,0,0,1,0,0,0,0,0,0,0,0,0,1,0,0,0,140712
15.6,4,16,16,2.6,0,1000,128,0,0,0,1,0,0,0,0,0,0,0,0,0,1,0,0,0,118712
15.6,4,15,8,2.2,0,1000,128,0,0,0,1,0,0,0,0,0,0,0,0,0,1,0,0,0,98552
15.6,1,15,4,2.18,0,1000,0,0,0,0,0,0,1,0,0,0,0,0,0,0,1,0,0,0,60279
15.6,4,16,8,1.84,0,0,256,0,0,0,0,0,0,1,0,0,0,0,0,0,1,0,0,0,114135
13.3,13,16,8,1.39,1,0,256,0,0,0,0,0,0,1,0,0,0,0,0,0,1,0,0,0,101112
15.6,4,16,16,2.4,0,0,256,0,0,0,0,0,1,0,0,0,0,0,0,0,1,0,0,0,173800
13.3,4,15,8,1.37,1,0,512,0,0,1,0,0,0,0,0,0,0,0,0,0,1,0,0,0,160600
15.6,1,15,4,1.95,0,500,0,0,0,0,0,0,1,0,0,0,0,0,0,0,1,0,0,0,64231
12.5,4,16,8,1.36,0,0,256,0,0,0,0,0,0,1,0,0,0,0,0,0,1,0,0,0,145200
15.6,4,15,8,2.31,0,0,256,0,0,0,0,0,1,0,0,0,0,0,0,0,1,0,0,0,102520
15.6,1,15,4,2.18,0,1000,0,0,0,0,0,0,1,0,0,0,0,0,0,0,1,0,0,0,62309
14.0,1,15,4,1.95,0,500,0,0,0,0,0,0,1,0,0,0,0,0,0,0,1,0,0,0,101112
15.6,1,12,4,2.2,0,1000,0,0,0,0,0,0,1,0,0,0,0,0,0,0,1,0,0,0,27192
12.5,4,15,4,1.26,0,500,0,0,0,0,0,0,0,1,0,0,0,0,0,0,1,0,0,0,138952
15.6,1,10,4,1.86,0,1000,0,0,0,0,0,0,1,0,0,0,0,0,0,1,0,0,0,0,25423
13.3,13,16,16,1.3,1,0,1000,0,0,1,0,0,0,0,0,0,0,0,0,0,1,0,0,0,158312
14.0,4,15,4,1.47,0,0,128,0,0,0,0,0,1,0,0,0,0,0,0,0,1,0,0,0,97240
12.5,4,15,8,1.26,0,0,256,0,0,0,0,1,0,0,0,0,0,0,0,0,1,0,0,0,146872
15.6,1,14,4,2.18,0,1000,0,0,0,0,0,0,1,0,0,0,0,0,0,0,1,0,0,0,49157
15.6,4,16,8,2.2,0,1000,128,0,0,0,1,0,0,0,0,0,0,0,0,0,1,0,0,0,105512
14.0,4,15,8,1.36,0,0,256,0,0,0,0,0,0,1,0,0,0,0,0,0,1,0,0,0,144232
17.3,9,16,16,4.36,0,1000,512,0,0,0,1,0,0,0,0,0,0,0,0,0,1,0,0,0,242704
17.3,4,15,8,2.75,0,1000,128,0,0,0,1,0,0,0,0,0,0,0,0,0,1,0,0,0,123112
17.3,3,12,4,2.8,0,1000,0,0,0,0,0,0,1,0,0,0,0,0,0,0,1,0,0,0,46640
15.6,1,15,4,2.23,0,500,0,0,0,0,0,0,1,0,0,0,0,0,0,0,1,0,0,0,54472
15.6,1,15,8,2.2,0,0,256,0,0,0,0,0,1,0,0,0,0,0,0,0,1,0,0,0,98472
11.3,4,11,8,1.1,1,0,256,0,0,1,0,0,0,0,0,0,0,0,0,0,1,0,0,0,114312
15.6,4,7,16,2.5,0,1000,512,0,0,0,1,0,0,0,0,0,0,0,0,0,1,0,0,0,87912
12.5,4,15,8,1.36,1,0,256,0,0,0,0,0,0,1,0,0,0,0,0,0,1,0,0,0,129554
15.6,4,16,8,2.2,0,1000,0,0,0,0,0,0,1,0,0,0,0,0,0,1,0,0,0,0,60280
17.3,3,14,4,2.36,0,1000,0,0,0,0,0,0,1,0,0,0,0,0,0,0,1,0,0,0,57992
14.0,1,10,4,1.68,0,0,0,0,32,0,0,0,1,0,0,0,1,0,0,0,0,0,0,0,30712
15.6,4,16,8,2.0,0,0,8,0,0,0,0,0,0,0,1,0,0,0,0,0,1,0,0,0,197912
14.0,4,16,8,1.36,0,0,256,0,0,0,0,0,0,1,0,0,0,0,0,0,1,0,0,0,156200
13.3,4,15,8,1.2,0,0,256,0,0,0,0,0,1,0,0,0,0,0,0,0,0,0,1,0,128480
12.5,4,11,8,1.2,0,0,0,0,64,1,0,0,0,0,0,0,1,0,0,0,0,0,0,0,101992
14.0,4,16,8,1.7,0,0,256,0,0,0,0,0,0,1,0,0,0,0,0,0,1,0,0,0,131031
17.3,14,16,16,4.36,0,1000,512,0,0,0,1,0,0,0,0,0,0,0,0,0,1,0,0,0,277552
13.3,4,15,8,1.24,1,0,256,0,0,1,0,0,0,0,0,0,0,0,0,0,1,0,0,0,167112
11.6,1,12,4,1.45,1,0,256,0,0,1,0,0,0,0,0,0,0,0,0,0,1,0,0,0,68200
13.3,13,16,8,1.3,0,0,256,0,0,0,0,0,0,1,0,0,0,0,0,0,1,0,0,0,111584
11.6,1,10,4,1.25,1,0,0,0,32,1,0,0,0,0,0,0,1,0,0,0,0,0,0,0,34232
13.3,4,15,8,1.2,0,0,256,0,0,0,0,0,1,0,0,0,0,0,0,0,1,0,0,0,135080
12.5,4,15,8,1.36,0,0,256,0,0,0,0,0,0,1,0,0,0,0,0,0,1,0,0,0,154880
15.6,4,15,12,2.4,0,1000,128,0,0,0,0,0,1,0,0,0,0,0,0,0,1,0,0,0,88792
12.5,4,16,8,1.1,1,0,512,0,0,0,0,0,0,1,0,0,0,0,0,0,1,0,0,0,157520
15.6,1,15,8,2.04,0,1000,0,0,0,0,0,0,1,0,0,0,0,0,0,0,1,0,0,0,74492
15.6,1,14,4,2.25,0,1000,0,0,0,0,0,0,1,0,0,0,0,1,0,0,0,0,0,0,40975
15.6,1,15,4,1.9,0,500,0,0,0,0,0,0,1,0,0,0,0,0,0,0,1,0,0,0,72600
15.6,4,14,4,2.04,0,500,0,0,0,0,0,0,1,0,0,0,0,0,0,0,1,0,0,0,60280
17.3,4,16,32,4.42,0,1000,256,0,0,0,1,0,0,0,0,0,0,0,0,0,1,0,0,0,277112
15.6,4,15,6,2.4,0,0,256,0,0,0,0,0,1,0,0,0,0,0,0,0,1,0,0,0,61160
13.3,13,16,16,1.22,1,0,512,0,0,1,0,0,0,0,0,0,0,0,0,0,1,0,0,0,167112
14.0,9,16,8,1.5,1,0,256,0,0,0,0,0,0,1,0,0,0,0,0,0,1,0,0,0,172742
17.3,4,16,32,4.42,0,1000,256,0,0,0,1,0,0,0,0,0,0,0,0,0,1,0,0,0,246400
14.0,4,15,8,1.95,0,0,256,0,0,0,0,0,1,0,0,0,0,0,0,0,1,0,0,0,103840
17.3,4,16,16,2.73,0,1000,256,0,0,0,1,0,0,0,0,0,0,0,0,0,1,0,0,0,180391
15.6,4,15,8,2.04,0,1000,128,0,0,0,0,0,1,0,0,0,0,0,0,0,1,0,0,0,86152
14.0,1,15,4,1.7,0,0,0,508,0,0,0,0,1,0,0,0,0,0,0,0,0,0,1,0,88176
15.6,14,16,16,2.3,1,2000,512,0,0,1,0,0,0,0,0,0,0,0,0,0,1,0,0,0,158312
15.6,1,16,6,2.04,0,1000,0,0,0,0,0,0,1,0,0,0,0,0,0,0,1,0,0,0,50952
17.3,4,16,16,2.99,0,1000,256,0,0,0,1,0,0,0,0,0,0,0,0,0,1,0,0,0,153912
15.6,4,16,12,2.19,1,0,512,0,0,1,0,0,0,0,0,0,0,0,0,0,1,0,0,0,114312
13.3,4,15,4,1.2,0,0,128,0,0,0,0,0,1,0,0,0,0,0,0,0,0,0,1,0,105160
15.6,4,1,6,2.2,0,0,256,0,0,0,0,0,1,0,0,0,0,0,0,0,1,0,0,0,48312
15.6,1,15,4,2.3,0,0,256,0,0,0,0,0,1,0,0,0,0,0,0,0,1,0,0,0,57112
14.0,1,15,4,1.75,0,500,0,0,0,0,0,0,1,0,0,0,0,0,0,0,1,0,0,0,80520
15.6,1,15,4,2.25,0,500,0,0,0,0,0,0,1,0,0,0,0,0,0,0,1,0,0,0,52712
15.6,4,15,8,2.04,0,1000,0,0,0,0,0,0,1,0,0,0,0,0,0,0,1,0,0,0,70928
15.6,4,16,8,2.5,0,1000,128,0,0,0,1,0,0,0,0,0,0,0,0,0,1,0,0,0,104632
15.6,1,16,8,2.36,0,1000,0,0,0,0,0,0,1,0,0,0,0,0,0,0,1,0,0,0,65912
14.0,4,15,8,1.6,0,0,128,0,0,0,0,0,1,0,0,0,0,0,0,0,1,0,0,0,98472
12.5,4,11,8,0.97,0,0,512,0,0,0,0,1,0,0,0,0,0,0,0,0,1,0,0,0,167904
15.6,4,14,4,2.1,0,1000,128,0,0,0,0,0,1,0,0,0,0,0,0,0,1,0,0,0,43912
15.6,1,10,4,1.9,0,0,128,0,0,0,0,0,1,0,0,0,0,0,0,1,0,0,0,0,23815
15.6,4,15,8,2.3,0,0,256,0,0,0,0,0,1,0,0,0,0,0,0,0,1,0,0,0,118712
13.3,4,15,8,1.68,1,0,256,0,0,1,0,0,0,0,0,0,0,0,0,0,1,0,0,0,78232
13.3,13,15,8,1.4,0,0,256,0,0,0,0,0,1,0,0,0,0,0,0,0,1,0,0,0,101200
13.3,4,16,8,1.11,1,0,256,0,0,0,0,0,0,1,0,0,0,0,0,0,1,0,0,0,118712
15.6,1,12,4,2.4,0,500,0,0,0,0,0,0,1,0,0,0,0,0,0,0,1,0,0,0,33440
15.6,4,16,16,2.5,0,1000,256,0,0,0,1,0,0,0,0,0,0,0,0,0,1,0,0,0,158312
14.0,4,16,8,1.48,0,0,512,0,0,0,0,0,0,1,0,0,0,0,0,0,1,0,0,0,183832
15.6,4,16,8,2.7,0,1000,128,0,0,0,1,0,0,0,0,0,0,0,0,0,1,0,0,0,110880
13.3,4,15,8,1.34,0,0,256,0,0,0,0,0,1,0,0,0,0,0,0,0,1,0,0,0,104632
15.6,1,14,4,2.18,0,0,128,0,0,0,0,0,1,0,0,0,0,0,0,0,1,0,0,0,48136
14.0,1,15,4,1.64,0,500,0,0,0,0,0,0,1,0,0,0,0,0,0,0,1,0,0,0,68552
13.3,4,15,4,1.2,0,0,128,0,0,0,0,0,1,0,0,0,0,0,0,0,1,0,0,0,105160
14.0,1,15,4,1.48,0,0,256,0,0,0,0,0,1,0,0,0,0,0,0,0,1,0,0,0,96799
14.0,4,15,4,1.95,0,0,256,0,0,0,0,0,1,0,0,0,0,0,0,0,1,0,0,0,106040
14.0,4,16,8,1.43,0,0,256,0,0,0,0,0,0,1,0,0,0,0,0,0,0,0,1,0,127512
14.0,4,15,8,1.64,0,0,256,0,0,0,0,0,1,0,0,0,0,0,0,0,1,0,0,0,92335
14.0,1,14,4,1.64,0,500,0,0,0,0,0,0,1,0,0,0,0,0,0,0,1,0,0,0,60192
15.6,4,15,8,2.65,0,0,0,1000,0,0,1,0,0,0,0,0,0,0,0,0,1,0,0,0,83512
12.5,4,15,4,1.26,0,500,0,0,0,0,0,0,0,1,0,0,0,0,0,0,1,0,0,0,135432
14.0,4,15,4,1.48,0,0,256,0,0,0,0,0,1,0,0,0,0,0,0,0,1,0,0,0,139920
14.0,4,16,8,1.54,0,0,256,0,0,0,0,0,0,1,0,0,0,0,0,0,1,0,0,0,166074
13.3,1,14,4,1.49,0,500,0,0,0,0,0,0,1,0,0,0,0,0,0,0,1,0,0,0,70400
13.3,1,15,8,1.5,0,0,256,0,0,0,0,0,1,0,0,0,0,0,0,0,1,0,0,0,106480
15.6,1,14,4,2.04,0,0,256,0,0,0,0,0,1,0,0,0,0,0,0,0,1,0,0,0,67759
17.3,14,16,16,2.4,0,0,512,0,0,0,0,0,1,0,0,0,0,0,0,0,0,0,1,0,261184
14.0,4,15,8,1.47,0,0,256,0,0,0,0,0,1,0,0,0,0,0,0,0,1,0,0,0,131120
14.0,4,16,8,1.43,0,0,256,0,0,0,0,0,1,0,0,0,0,0,0,0,1,0,0,0,196152
15.6,4,14,4,2.08,1,1000,0,0,0,1,0,0,0,0,0,0,0,0,0,0,1,0,0,0,70047
13.3,4,15,8,1.2,0,0,256,0,0,0,0,0,0,1,0,0,0,0,0,0,1,0,0,0,139920
13.3,4,15,8,1.11,0,0,256,0,0,0,0,0,1,0,0,0,0,0,0,0,1,0,0,0,101112
14.0,4,16,8,1.64,0,0,256,0,0,0,0,0,1,0,0,0,0,0,0,0,1,0,0,0,104318
15.6,4,15,8,2.09,0,500,0,0,0,0,0,0,1,0,0,0,0,0,0,0,1,0,0,0,92087
12.5,1,15,4,1.26,0,0,256,0,0,0,0,0,0,1,0,0,0,0,0,0,1,0,0,0,137192
14.0,1,15,4,2.31,0,500,0,0,0,0,0,0,1,0,0,0,0,0,0,0,1,0,0,0,104632
14.0,1,15,4,1.95,0,500,0,0,0,0,0,0,1,0,0,0,0,0,0,0,1,0,0,0,93280
13.3,13,15,8,1.29,1,0,256,0,0,0,0,0,0,1,0,0,0,0,0,0,1,0,0,0,142912
17.3,4,15,8,2.63,0,0,256,0,0,0,0,0,1,0,0,0,0,0,0,0,1,0,0,0,95040
14.0,1,15,4,1.64,0,0,256,0,0,0,0,0,1,0,0,0,0,0,0,0,1,0,0,0,85624
15.6,1,5,6,2.1,0,1000,0,0,0,0,0,0,1,0,0,0,0,0,0,0,1,0,0,0,35992
17.3,4,16,8,2.7,0,1000,128,0,0,0,1,0,0,0,0,0,0,0,0,0,1,0,0,0,104878
14.0,4,15,8,1.95,0,0,256,0,0,0,0,0,1,0,0,0,0,0,0,0,0,0,1,0,105160
15.6,4,16,8,1.84,0,0,256,0,0,0,0,0,1,0,0,0,0,0,0,0,1,0,0,0,108151
12.5,4,16,8,1.26,0,0,256,0,0,0,0,0,0,1,0,0,0,0,0,0,1,0,0,0,118712
15.6,1,15,4,2.04,0,500,0,0,0,0,0,0,1,0,0,0,0,0,0,0,1,0,0,0,65296
14.0,4,16,8,1.47,0,0,256,0,0,0,0,0,0,1,0,0,0,0,0,0,1,0,0,0,151800
15.6,4,15,8,2.09,0,0,256,0,0,0,0,0,1,0,0,0,0,0,0,0,0,0,1,0,93540
14.0,4,15,8,1.64,0,0,256,0,0,0,0,0,1,0,0,0,0,0,0,0,1,0,0,0,88925
15.6,4,16,4,1.8,1,0,256,0,0,1,0,0,0,0,0,0,0,0,0,0,1,0,0,0,74536
14.0,1,9,2,1.45,0,0,0,0,32,0,0,0,1,0,0,0,0,0,0,0,1,0,0,0,18550
15.6,4,16,16,2.4,0,0,256,0,0,0,0,0,1,0,0,0,0,0,0,0,1,0,0,0,125400
15.6,4,15,8,2.3,0,0,256,0,0,0,0,0,1,0,0,0,0,0,0,0,1,0,0,0,92365
14.0,4,15,4,1.54,0,500,0,0,0,0,0,0,1,0,0,0,0,0,0,0,1,0,0,0,88000
15.6,4,15,8,1.84,0,500,256,0,0,0,0,0,1,0,0,0,0,0,0,0,1,0,0,0,185094
14.0,4,15,8,1.43,0,0,256,0,0,0,0,0,1,0,0,0,0,0,0,0,0,0,1,0,129272
17.3,4,16,16,3.78,0,1000,256,0,0,0,1,0,0,0,0,0,0,0,0,0,1,0,0,0,136016
17.3,4,16,16,4.6,0,1000,128,0,0,0,1,0,0,0,0,0,0,0,0,0,1,0,0,0,201519
11.6,1,10,4,1.2,0,0,0,0,16,0,0,1,0,0,0,0,1,0,0,0,0,0,0,0,25335
14.0,9,16,16,1.1,0,0,256,0,0,0,0,0,1,0,0,0,0,0,0,0,0,0,1,0,230560
15.6,4,16,8,1.91,0,1000,0,0,0,0,0,0,1,0,0,0,0,0,0,0,1,0,0,0,86152
15.6,4,15,8,2.3,1,0,256,0,0,1,0,0,0,0,0,0,0,0,0,0,1,0,0,0,96272
15.6,1,15,4,2.04,0,0,256,0,0,0,0,0,1,0,0,0,0,0,0,0,1,0,0,0,86152
13.3,13,16,16,1.2,1,0,1000,0,0,0,0,0,0,1,0,0,0,0,0,0,1,0,0,0,198352
15.6,1,14,4,2.31,0,500,0,0,0,0,0,0,1,0,0,0,0,0,0,0,1,0,0,0,62053
15.6,1,15,4,1.96,0,500,0,0,0,0,0,0,1,0,0,0,0,0,0,1,0,0,0,0,43912
15.6,1,4,8,2.4,0,1000,0,0,0,0,0,0,1,0,0,0,0,0,0,0,1,0,0,0,39512
13.3,4,16,12,1.6,1,0,256,0,0,1,0,0,0,0,0,0,0,0,0,0,1,0,0,0,114312
15.6,4,16,16,2.94,0,1000,256,0,0,0,1,0,0,0,0,0,0,0,0,0,1,0,0,0,160072
15.6,4,16,8,2.04,0,0,256,0,0,0,0,0,1,0,0,0,0,0,0,0,1,0,0,0,94160
17.3,4,16,16,4.0,0,1000,0,0,0,0,1,0,0,0,0,0,0,0,0,1,0,0,0,0,87824
15.6,4,15,4,2.25,0,1000,0,0,0,0,0,0,1,0,0,0,0,0,0,0,1,0,0,0,49192
15.6,4,16,16,2.32,0,2000,0,0,0,0,0,0,1,0,0,0,0,0,0,0,1,0,0,0,87119
15.6,4,16,16,1.8,0,1000,256,0,0,0,1,0,0,0,0,0,0,0,0,0,1,0,0,0,169752
13.3,4,16,8,1.29,0,0,256,0,0,0,0,0,0,1,0,0,0,0,0,0,1,0,0,0,128304
17.3,4,16,64,3.58,0,0,1000,0,0,0,1,0,0,0,0,0,0,0,0,0,1,0,0,0,349800
13.3,4,16,8,1.62,1,0,256,0,0,1,0,0,0,0,0,0,0,0,0,0,1,0,0,0,70225
15.6,14,16,16,3.21,0,1000,256,0,0,0,1,0,0,0,0,0,0,0,0,0,1,0,0,0,116952
12.0,7,11,8,0.92,0,0,0,0,256,0,0,0,0,1,0,0,0,0,1,0,0,0,0,0,114400
15.6,1,14,4,2.06,0,500,0,0,0,0,0,0,1,0,0,0,0,0,0,0,1,0,0,0,42414
15.6,1,15,4,2.31,0,500,0,0,0,0,0,0,1,0,0,0,0,0,0,0,1,0,0,0,105512
12.5,4,15,8,1.26,0,0,256,0,0,0,0,0,0,1,0,0,0,0,0,0,0,0,1,0,105512
13.3,4,16,8,1.49,0,0,256,0,0,0,0,0,1,0,0,0,0,0,0,0,1,0,0,0,95920
12.5,4,16,8,1.3,1,0,256,0,0,0,0,0,0,1,0,0,0,0,0,0,1,0,0,0,150787
17.3,3,15,8,3.0,0,1000,0,0,0,0,0,0,1,0,0,0,0,0,0,0,1,0,0,0,57992
15.6,4,15,4,2.3,0,1000,0,0,0,0,0,0,1,0,0,0,0,0,0,0,1,0,0,0,85976
17.3,4,16,16,3.78,0,1000,256,0,0,0,1,0,0,0,0,0,0,0,0,0,1,0,0,0,219912
15.6,1,15,4,2.1,0,500,0,0,0,0,0,0,1,0,0,0,0,0,0,0,1,0,0,0,47520
15.6,4,15,4,2.31,0,500,0,0,0,0,0,0,1,0,0,0,0,0,0,0,0,0,1,0,82720
12.5,9,11,8,0.99,1,0,512,0,0,0,0,0,0,1,0,0,0,0,0,0,1,0,0,0,123112
17.3,4,16,32,4.6,0,0,512,1000,0,0,1,0,0,0,0,0,0,0,0,0,1,0,0,0,285120
10.1,5,9,4,0.69,1,0,0,0,64,1,0,0,0,0,0,0,0,0,0,0,1,0,0,0,56872
13.3,14,16,16,1.3,0,0,512,0,0,0,0,0,0,1,0,0,0,0,0,0,1,0,0,0,180312
15.6,4,15,8,2.18,0,0,256,0,0,0,0,0,1,0,0,0,0,0,0,0,1,0,0,0,66000
14.0,4,15,4,1.54,0,500,0,0,0,0,0,0,1,0,0,0,0,0,0,0,0,0,1,0,90727
15.6,4,16,8,1.9,0,0,256,0,0,0,0,0,0,0,1,0,0,0,0,0,0,0,1,0,131560
14.0,4,15,8,1.7,0,0,180,0,0,0,0,0,1,0,0,0,0,0,0,0,0,0,1,0,105512
13.3,13,12,4,1.29,0,0,0,0,32,0,0,0,1,0,0,0,1,0,0,0,0,0,0,0,54120
15.6,1,4,4,2.4,0,500,0,0,0,0,0,0,1,0,0,0,0,0,0,0,1,0,0,0,34056
15.6,1,12,4,2.2,0,500,0,0,0,0,0,0,1,0,0,0,0,1,0,0,0,0,0,0,34627
15.6,1,14,4,1.86,0,1000,0,0,0,0,0,0,1,0,0,0,0,0,0,1,0,0,0,0,30447
17.3,4,16,8,2.7,0,1000,256,0,0,0,1,0,0,0,0,0,0,0,0,0,1,0,0,0,140712
13.3,4,15,4,1.4,0,0,256,0,0,0,0,0,0,1,0,0,0,0,0,0,1,0,0,0,72015
12.5,1,15,4,2.4,0,0,128,0,0,0,0,1,0,0,0,0,0,0,0,0,0,0,1,0,140712
15.6,4,15,8,2.4,0,1000,256,0,0,0,0,0,1,0,0,0,0,0,0,0,1,0,0,0,70312
15.6,4,15,8,2.36,0,1000,0,0,0,0,0,0,1,0,0,0,0,0,0,0,1,0,0,0,56214
17.3,4,16,8,2.6,0,0,256,0,0,0,1,0,0,0,0,0,0,0,0,0,1,0,0,0,140712
15.6,1,12,4,1.96,0,1000,0,0,0,0,0,0,1,0,0,0,0,0,0,0,1,0,0,0,44000
17.3,4,16,16,4.3,0,1000,128,0,0,0,1,0,0,0,0,0,0,0,0,0,1,0,0,0,202312
12.5,1,14,4,1.5,0,500,0,0,0,0,0,0,0,1,0,0,0,0,0,0,0,0,1,0,99893
12.5,1,14,4,1.5,0,0,128,0,0,0,0,0,0,1,0,0,0,0,0,0,0,0,1,0,102693
15.6,1,10,4,2.2,0,0,16,0,0,0,0,0,1,0,0,0,1,0,0,0,0,0,0,0,18392
17.3,4,16,8,3.0,0,1000,0,0,0,0,0,0,0,0,1,0,0,0,0,0,0,0,1,0,255112
15.6,4,16,16,2.4,0,0,512,0,0,0,1,0,0,0,0,0,0,0,0,0,1,0,0,0,105512
12.5,1,15,8,1.5,0,0,256,0,0,0,0,0,0,1,0,0,0,0,0,0,0,0,1,0,124353
17.3,4,16,8,2.9,0,1000,128,0,0,0,1,0,0,0,0,0,0,0,0,0,1,0,0,0,132985
15.6,4,15,4,2.1,1,0,256,0,0,1,0,0,0,0,0,0,0,0,0,0,1,0,0,0,76296
15.6,4,3,4,2.1,0,1000,0,0,0,0,0,0,1,0,0,0,0,0,0,0,1,0,0,0,35024
15.6,4,16,16,2.59,0,1000,128,0,0,0,1,0,0,0,0,0,0,0,0,0,1,0,0,0,117832
13.3,13,11,8,1.16,1,0,256,0,0,0,0,0,1,0,0,0,0,0,0,0,1,0,0,0,149512
15.6,1,15,4,2.24,0,500,0,0,0,0,0,0,1,0,0,0,0,0,0,0,0,0,1,0,67685
15.6,1,14,4,2.1,0,0,128,0,0,0,0,0,1,0,0,0,0,0,0,0,1,0,0,0,37752
13.3,4,16,8,1.16,0,0,512,0,0,0,0,0,0,1,0,0,0,0,0,0,1,0,0,0,173272
10.1,5,9,4,0.69,1,0,0,0,64,1,0,0,0,0,0,1,0,0,0,0,0,0,0,0,48312
13.3,4,16,8,1.23,0,0,256,0,0,0,0,0,0,1,0,0,0,0,0,0,1,0,0,0,121352
17.3,4,16,16,4.6,0,0,256,1000,0,0,1,0,0,0,0,0,0,0,0,0,1,0,0,0,241999
12.5,14,16,8,1.25,1,0,256,0,0,0,0,0,0,1,0,0,0,0,0,0,1,0,0,0,90552
13.3,4,16,16,1.05,0,0,512,0,0,0,0,0,0,1,0,0,0,0,0,0,1,0,0,0,195888
17.3,4,16,8,3.52,0,1000,128,0,0,0,1,0,0,0,0,0,0,0,0,0,1,0,0,0,115499
13.3,4,9,4,1.35,0,0,0,0,32,0,0,0,1,0,0,0,0,0,0,0,1,0,0,0,17248
13.3,4,15,8,1.16,0,0,256,0,0,0,0,0,1,0,0,0,0,0,0,0,1,0,0,0,148720
14.0,4,15,8,1.43,0,0,256,0,0,0,0,0,1,0,0,0,0,0,0,0,0,0,1,0,133144
15.6,1,15,4,2.09,0,500,0,0,0,0,0,0,1,0,0,0,0,1,0,0,0,0,0,0,46079
15.6,1,14,4,2.0,0,1000,0,0,0,0,0,0,1,0,0,0,0,0,0,0,1,0,0,0,38280
14.0,4,16,8,1.8,1,0,256,0,0,1,0,0,0,0,0,0,0,0,0,0,1,0,0,0,146872
10.1,5,9,4,0.69,1,0,0,0,64,1,0,0,0,0,0,0,0,0,0,0,1,0,0,0,42152
12.5,1,15,8,1.26,0,0,256,0,0,0,0,0,0,1,0,0,0,0,0,0,0,0,1,0,166760
15.6,4,15,8,2.4,0,1000,128,0,0,0,1,0,0,0,0,0,0,0,0,1,0,0,0,0,87032
17.3,4,15,8,3.35,0,1000,128,0,0,0,1,0,0,0,0,0,0,0,0,0,1,0,0,0,99352
15.6,1,16,8,2.04,0,2000,0,0,0,0,0,0,1,0,0,0,0,0,0,0,1,0,0,0,55352
14.0,4,16,8,1.8,1,0,512,0,0,1,0,0,0,0,0,0,0,0,0,0,0,0,1,0,180433
14.0,1,10,4,1.5,0,0,0,0,32,0,0,0,1,0,0,0,0,0,0,0,1,0,0,0,24464
15.6,4,16,8,1.84,0,0,256,0,0,0,0,0,0,1,0,0,0,0,0,0,1,0,0,0,66176
15.6,4,15,4,2.23,0,1000,0,0,0,0,0,0,1,0,0,0,0,0,0,0,1,0,0,0,54208
15.6,4,16,16,2.5,0,0,0,1000,0,0,0,0,1,0,0,0,0,0,0,0,1,0,0,0,96712
17.3,4,16,8,3.0,0,0,256,0,0,0,0,0,0,0,1,0,0,0,0,0,0,0,1,0,347547
15.6,1,15,8,2.5,0,1000,0,0,0,0,0,0,1,0,0,0,0,0,0,0,1,0,0,0,68992
17.3,4,16,16,3.78,0,1000,256,0,0,0,1,0,0,0,0,0,0,0,0,0,1,0,0,0,211112
15.6,4,16,8,1.88,0,0,256,0,0,0,0,0,0,1,0,0,0,0,0,0,0,0,1,0,191111
14.0,9,16,16,2.8,1,0,512,0,0,1,0,0,0,0,0,0,0,0,0,0,1,0,0,0,214720
15.6,4,16,8,2.4,0,1000,128,0,0,0,1,0,0,0,0,0,0,0,0,0,1,0,0,0,100566
13.3,4,15,8,1.48,1,0,256,0,0,1,0,0,0,0,0,0,0,0,0,0,1,0,0,0,143352
15.6,4,16,8,2.59,0,0,256,0,0,0,0,0,0,0,1,0,0,0,0,0,0,0,1,0,196152
13.3,9,16,8,1.48,1,0,256,0,0,1,0,0,0,0,0,0,0,0,0,0,1,0,0,0,158312
15.6,4,16,8,2.0,0,0,256,0,0,0,0,0,0,0,1,0,0,0,0,0,0,0,1,0,167112
12.5,4,16,8,1.26,0,0,256,0,0,0,0,0,0,1,0,0,0,0,0,0,0,0,1,0,202132
15.6,4,16,8,2.18,0,0,256,0,0,0,0,0,1,0,0,0,0,0,0,0,1,0,0,0,88871
15.6,4,15,8,1.88,0,0,256,0,0,0,0,0,1,0,0,0,0,0,0,0,0,0,1,0,138952
14.0,9,16,8,1.27,1,0,256,0,0,1,0,0,0,0,0,0,0,0,0,0,1,0,0,0,205832
15.6,1,14,4,1.9,0,1000,0,0,0,0,0,0,1,0,0,0,0,0,0,1,0,0,0,0,29832
15.6,1,6,4,1.86,0,500,0,0,0,0,0,0,1,0,0,0,0,0,0,0,1,0,0,0,26136
15.6,4,15,8,2.32,0,1000,0,0,0,0,0,0,1,0,0,0,0,0,0,1,0,0,0,0,52712
15.6,4,16,8,2.62,0,1000,0,0,0,0,1,0,0,0,0,0,0,0,0,0,1,0,0,0,105512
15.6,14,15,8,2.04,1,0,256,0,0,0,0,0,1,0,0,0,0,0,0,0,1,0,0,0,198060
15.6,4,3,4,1.91,0,0,256,0,0,0,0,0,1,0,0,0,0,0,0,0,1,0,0,0,42142
17.3,4,16,16,2.7,0,1000,256,0,0,0,1,0,0,0,0,0,0,0,0,0,1,0,0,0,131366
14.0,4,16,12,1.4,0,0,512,0,0,0,0,0,0,1,0,0,0,0,0,0,0,0,1,0,202312
15.6,4,15,8,2.5,0,0,0,1000,0,0,0,0,1,0,0,0,0,0,0,0,1,0,0,0,69387
13.3,9,16,8,1.48,1,0,512,0,0,1,0,0,0,0,0,0,0,0,0,0,1,0,0,0,179608
14.0,4,16,8,1.7,0,0,256,0,0,0,0,0,0,1,0,0,0,0,0,0,0,0,1,0,131912
14.0,4,16,16,1.7,0,1000,256,0,0,0,1,0,0,0,0,0,0,0,0,0,1,0,0,0,155672
15.6,4,16,8,2.62,0,1000,0,0,0,0,1,0,0,0,0,0,0,0,0,0,1,0,0,0,79112
15.6,1,14,8,2.2,0,1000,0,0,0,0,0,0,1,0,0,0,0,0,0,0,1,0,0,0,40392
15.6,1,15,4,2.1,0,500,0,0,0,0,0,0,1,0,0,0,0,0,0,1,0,0,0,0,41975
15.6,14,16,8,2.62,0,1000,128,0,0,0,1,0,0,0,0,0,0,0,0,0,1,0,0,0,131824
15.6,4,15,8,1.95,0,0,256,0,0,0,0,0,1,0,0,0,0,0,0,0,1,0,0,0,122320
15.6,4,14,4,2.2,0,1000,0,0,0,0,0,0,1,0,0,0,0,0,0,0,1,0,0,0,41184
14.0,1,10,2,1.44,0,0,0,0,32,0,0,0,1,0,0,0,0,0,0,0,1,0,0,0,21912
15.6,4,16,8,2.2,0,1000,0,0,0,0,1,0,0,0,0,0,0,0,0,0,1,0,0,0,73832
15.6,4,16,8,1.96,0,0,256,0,0,0,0,0,1,0,0,0,0,0,0,0,1,0,0,0,59752
15.6,4,16,16,2.1,0,0,512,0,0,0,0,0,1,0,0,0,0,0,0,0,1,0,0,0,101992
15.6,1,10,4,2.2,0,500,0,0,0,0,0,0,1,0,0,0,0,0,0,0,1,0,0,0,32472
15.6,1,15,4,2.1,0,500,0,0,0,0,0,0,1,0,0,0,0,0,0,1,0,0,0,0,35024
15.6,4,16,8,2.2,0,1000,0,0,0,0,0,0,1,0,0,0,0,0,0,1,0,0,0,0,62392
14.0,4,14,4,2.0,0,0,256,0,0,0,0,0,1,0,0,0,0,0,0,0,1,0,0,0,67672
15.6,4,16,4,2.32,0,0,0,1000,0,0,0,0,1,0,0,0,0,0,0,0,0,0,1,0,72600
15.6,4,16,16,3.31,0,0,512,0,0,0,1,0,0,0,0,0,0,0,0,0,1,0,0,0,114840
15.6,4,16,16,1.91,0,1000,128,0,0,0,1,0,0,0,0,0,0,0,0,0,1,0,0,0,189497
15.6,1,14,4,2.07,0,500,0,0,0,0,0,0,1,0,0,0,0,0,0,0,1,0,0,0,57200
14.0,9,15,8,1.36,1,0,256,0,0,1,0,0,0,0,0,0,0,0,0,0,1,0,0,0,144056
15.6,4,16,6,1.54,0,0,256,0,0,0,0,0,0,1,0,0,0,0,0,0,1,0,0,0,73128
15.6,4,16,8,1.98,0,0,256,0,0,0,0,0,1,0,0,0,0,1,0,0,0,0,0,0,78761
15.6,1,10,4,2.1,0,500,0,0,0,0,0,0,1,0,0,0,0,0,0,0,1,0,0,0,29304
15.6,4,16,6,2.18,0,1000,0,0,0,0,0,0,1,0,0,0,0,0,0,0,1,0,0,0,70312
15.6,4,16,8,2.59,0,1000,256,0,0,0,1,0,0,0,0,0,0,0,0,0,1,0,0,0,79992
15.6,4,16,16,2.09,1,0,512,0,0,1,0,0,0,0,0,0,0,0,0,0,1,0,0,0,103752
15.6,4,15,4,2.23,0,0,256,0,0,0,0,0,1,0,0,0,0,0,0,0,1,0,0,0,60808
13.3,13,15,8,1.23,1,0,256,0,0,0,0,0,0,1,0,0,0,1,0,0,0,0,0,0,96712
17.3,4,16,16,4.2,0,1000,256,0,0,0,1,0,0,0,0,0,0,0,0,0,1,0,0,0,228712
15.6,4,15,8,2.4,0,1000,0,0,0,0,1,0,0,0,0,0,0,0,0,0,1,0,0,0,72072
12.3,10,17,4,1.15,1,0,0,0,32,1,0,0,0,0,0,0,1,0,0,0,0,0,0,0,57992
15.6,1,15,4,1.86,0,500,0,0,0,0,0,0,1,0,0,0,0,0,0,0,1,0,0,0,42680
12.0,7,11,8,0.92,0,0,0,0,256,0,0,0,0,1,0,0,0,0,1,0,0,0,0,0,102344
13.3,4,15,8,1.6,1,0,256,0,0,1,0,0,0,0,0,0,0,0,0,0,1,0,0,0,105512
15.6,4,16,12,2.21,0,1000,128,0,0,0,0,0,1,0,0,0,0,0,0,0,1,0,0,0,116776
15.6,1,14,4,1.9,0,1000,0,0,0,0,0,0,1,0,0,0,0,0,0,1,0,0,0,0,32384
17.3,4,16,16,4.3,0,1000,512,0,0,0,1,0,0,0,0,0,0,0,0,0,1,0,0,0,189200
15.6,1,10,4,2.1,0,1000,0,0,0,0,0,0,1,0,0,0,0,1,0,0,0,0,0,0,23936
17.3,4,16,16,2.43,0,1000,256,0,0,0,1,0,0,0,0,0,0,0,0,0,1,0,0,0,180303
15.6,1,14,4,2.3,0,0,128,0,0,0,0,0,1,0,0,0,0,0,0,0,1,0,0,0,43912
15.6,1,16,8,2.2,0,500,0,0,0,0,0,0,1,0,0,0,0,0,0,1,0,0,0,0,55352
15.6,4,16,16,2.0,1,0,512,0,0,1,0,0,0,0,0,0,0,0,0,0,1,0,0,0,113080
13.3,13,16,16,1.2,1,0,512,0,0,0,0,0,0,1,0,0,0,0,0,0,1,0,0,0,235840
15.6,4,16,8,2.2,0,1000,0,0,0,0,1,0,0,0,0,0,0,0,0,0,1,0,0,0,102872
15.6,4,15,8,2.36,0,0,256,0,0,0,0,0,1,0,0,0,0,0,0,0,1,0,0,0,78232
15.6,1,15,8,1.91,0,0,256,0,0,0,0,0,1,0,0,0,0,0,0,0,1,0,0,0,50952
15.6,1,6,4,2.2,0,500,0,0,0,0,0,0,1,0,0,0,0,0,0,0,1,0,0,0,26312
17.3,3,14,8,3.3,0,1000,0,0,0,0,0,0,1,0,0,0,0,0,0,0,1,0,0,0,55352
15.6,4,16,16,2.2,0,1000,256,0,0,0,1,0,0,0,0,0,0,0,0,0,1,0,0,0,215512
12.0,7,11,8,0.92,0,0,0,0,512,0,0,0,0,1,0,0,0,0,1,0,0,0,0,0,112552
15.6,4,16,16,2.2,0,1000,128,0,0,0,0,0,1,0,0,0,0,0,0,0,1,0,0,0,153912
17.3,4,16,16,2.43,0,1000,256,0,0,0,1,0,0,0,0,0,0,0,0,0,1,0,0,0,171511
15.6,4,15,8,2.19,1,0,256,0,0,1,0,0,0,0,0,0,0,0,0,0,1,0,0,0,87912
17.3,4,16,16,2.9,0,1000,256,0,0,0,1,0,0,0,0,0,0,0,0,0,1,0,0,0,171512
11.6,1,10,2,1.3,0,0,32,0,0,0,0,1,0,0,0,0,1,0,0,0,0,0,0,0,15312
17.3,3,14,4,3.3,0,1000,0,0,0,0,0,0,1,0,0,0,0,0,0,0,1,0,0,0,52624
17.3,3,15,8,2.8,0,1000,0,0,0,0,0,0,1,0,0,0,0,0,0,1,0,0,0,0,47432
15.6,4,16,8,2.6,0,1000,128,0,0,0,1,0,0,0,0,0,0,0,0,0,1,0,0,0,111936
14.0,4,16,8,1.2,1,0,256,0,0,1,0,0,0,0,0,0,0,0,0,0,1,0,0,0,101112
15.6,4,16,8,2.3,0,0,256,0,0,0,0,0,1,0,0,0,0,0,0,0,1,0,0,0,134552
15.6,4,16,8,2.2,0,1000,128,0,0,0,1,0,0,0,0,0,0,0,0,0,1,0,0,0,129898
15.6,4,1,6,2.1,0,1000,0,0,0,0,0,0,1,0,0,0,0,0,0,0,1,0,0,0,46552
12.5,4,15,8,1.26,1,0,256,0,0,0,0,0,0,1,0,0,0,0,0,0,0,0,1,0,150777
15.0,4,14,4,2.08,1,500,0,0,0,1,0,0,0,0,0,0,0,0,0,0,1,0,0,0,44792
15.6,1,12,4,2.65,0,1000,0,0,0,0,0,0,1,0,0,0,0,0,0,0,1,0,0,0,27192
13.3,13,16,8,1.29,1,0,256,0,0,0,0,0,0,1,0,0,0,0,0,0,1,0,0,0,129976
15.6,1,15,4,2.18,0,1000,0,0,0,0,0,0,1,0,0,0,0,1,0,0,0,0,0,0,45924
15.6,4,16,16,2.6,1,1000,128,0,0,0,1,0,0,0,0,0,0,0,0,0,1,0,0,0,90552
15.6,4,16,8,2.2,0,1000,128,0,0,0,1,0,0,0,0,0,0,0,0,0,1,0,0,0,101112
12.5,4,16,16,1.3,1,0,512,0,0,0,0,1,0,0,0,0,0,0,0,0,1,0,0,0,145200
14.0,4,16,16,1.95,0,0,1000,0,0,0,1,0,0,0,0,0,0,0,0,0,1,0,0,0,307912
15.6,1,14,8,2.3,1,1000,0,0,0,0,0,0,1,0,0,0,0,0,0,0,1,0,0,0,41273
17.3,4,16,16,2.7,0,1000,256,0,0,0,1,0,0,0,0,0,0,0,0,0,1,0,0,0,140624
11.6,1,15,4,1.08,0,0,0,0,256,0,0,0,0,1,0,0,0,0,1,0,0,0,0,0,84392
15.6,4,14,4,2.1,0,1000,0,0,0,0,0,0,1,0,0,0,0,0,0,0,1,0,0,0,42064
14.0,9,16,8,1.54,0,0,256,0,0,0,0,0,0,1,0,0,0,0,0,0,0,0,1,0,193441
15.6,1,15,4,2.24,0,500,0,0,0,0,0,0,1,0,0,0,0,0,0,0,0,0,1,0,64856
15.6,4,16,8,2.3,0,1000,128,0,0,0,1,0,0,0,0,0,0,0,0,0,1,0,0,0,102872
13.3,4,16,16,1.4,0,0,512,0,0,0,0,0,1,0,0,0,0,0,0,0,1,0,0,0,131912
15.6,4,1,6,2.2,0,0,256,0,0,0,0,0,1,0,0,0,0,0,0,0,1,0,0,0,52586
13.3,4,16,8,1.45,0,0,256,0,0,0,0,0,0,1,0,0,0,0,0,0,1,0,0,0,112640
15.6,1,14,4,2.4,0,500,0,0,0,0,0,0,1,0,0,0,0,1,0,0,0,0,0,0,31838
17.3,4,16,16,2.77,1,0,512,0,0,1,0,0,0,0,0,0,0,0,0,0,1,0,0,0,158312
14.0,4,15,4,1.54,0,0,256,0,0,0,0,0,1,0,0,0,0,0,0,0,0,0,1,0,96799
15.6,4,16,16,2.5,0,1000,256,0,0,0,1,0,0,0,0,0,0,0,0,0,1,0,0,0,140800
14.0,1,15,4,1.6,0,500,0,0,0,0,0,0,1,0,0,0,0,0,0,0,1,0,0,0,77000
15.6,4,16,16,2.34,0,1000,256,0,0,0,1,0,0,0,0,0,0,0,0,0,1,0,0,0,204600
15.6,4,15,8,2.3,0,0,256,0,0,0,0,0,1,0,0,0,0,0,0,1,0,0,0,0,50424
13.3,13,15,8,1.24,1,0,256,0,0,1,0,0,0,0,0,0,0,0,0,0,1,0,0,0,159544
15.6,1,12,4,2.2,0,500,0,0,0,0,0,0,1,0,0,0,0,1,0,0,0,0,0,0,28512
15.6,1,3,4,1.86,0,500,0,0,0,0,0,0,1,0,0,0,0,0,0,0,1,0,0,0,35112
15.6,4,14,6,2.4,0,0,128,0,0,0,0,0,1,0,0,0,0,0,0,0,1,0,0,0,50072
14.0,4,15,8,1.9,0,0,256,0,0,0,0,0,1,0,0,0,0,0,0,0,1,0,0,0,94336
15.6,1,12,4,2.2,0,500,0,0,0,0,0,0,1,0,0,0,0,0,0,0,1,0,0,0,39071
15.6,1,10,4,2.0,0,1000,0,0,0,0,0,0,1,0,0,0,0,0,0,0,1,0,0,0,29832
17.3,4,16,16,4.0,0,1000,128,0,0,0,1,0,0,0,0,0,0,0,0,0,1,0,0,0,167200
15.6,1,14,4,2.29,0,500,0,0,0,0,0,0,1,0,0,0,0,0,0,0,1,0,0,0,43120
15.6,4,16,8,2.32,0,0,0,1000,0,0,0,0,1,0,0,0,0,0,0,0,0,0,1,0,78760
15.6,4,16,8,2.4,0,1000,128,0,0,0,1,0,0,0,0,0,0,0,0,0,1,0,0,0,108152
14.0,4,15,4,1.8,1,0,128,0,0,1,0,0,0,0,0,0,0,0,0,0,1,0,0,0,73305
13.3,4,11,8,1.2,0,0,512,0,0,0,0,0,0,1,0,0,0,0,0,0,1,0,0,0,64152
15.6,1,14,6,2.3,0,1000,0,0,0,0,0,0,1,0,0,0,0,0,0,0,1,0,0,0,40392
15.6,1,10,4,2.4,0,500,0,0,0,0,0,0,1,0,0,0,0,1,0,0,0,0,0,0,25432
15.6,1,10,2,2.2,0,500,0,0,0,0,0,0,1,0,0,0,0,0,0,0,1,0,0,0,33352
15.6,4,16,8,2.6,0,1000,0,0,0,0,0,0,1,0,0,0,0,0,0,0,1,0,0,0,79112
15.6,4,5,6,2.04,0,0,0,1000,0,0,0,0,1,0,0,0,0,0,0,0,1,0,0,0,48399
15.6,1,16,8,2.3,0,1000,0,0,0,0,0,0,1,0,0,0,0,1,0,0,0,0,0,0,70927
11.6,1,10,2,1.17,0,0,0,0,32,0,0,1,0,0,0,0,0,0,0,0,1,0,0,0,18392
15.6,1,16,4,2.2,0,500,0,0,0,0,0,0,1,0,0,0,0,0,0,0,1,0,0,0,63388
14.0,4,16,4,1.8,1,0,128,0,0,1,0,0,0,0,0,0,0,0,0,0,1,0,0,0,56144
13.3,13,16,16,1.3,1,0,512,0,0,1,0,0,0,0,0,0,0,0,0,0,1,0,0,0,131912
14.0,1,10,2,1.5,0,0,0,0,64,0,0,0,1,0,0,0,0,0,0,0,1,0,0,0,20152
15.6,1,16,6,2.19,0,1000,0,0,0,0,0,0,1,0,0,0,0,0,0,0,1,0,0,0,67232
15.6,1,10,4,2.2,0,500,0,0,0,0,0,0,1,0,0,0,0,0,0,0,1,0,0,0,32472
13.3,4,11,8,1.2,0,0,512,0,0,0,0,0,0,1,0,0,0,0,0,0,1,0,0,0,64152
15.6,1,14,6,2.3,0,1000,0,0,0,0,0,0,1,0,0,0,0,0,0,0,1,0,0,0,40392
15.6,1,10,4,2.4,0,500,0,0,0,0,0,0,1,0,0,0,0,1,0,0,0,0,0,0,25432
15.6,1,10,2,2.2,0,500,0,0,0,0,0,0,1,0,0,0,0,0,0,0,1,0,0,0,33352
15.6,4,16,8,2.6,0,1000,0,0,0,0,0,0,1,0,0,0,0,0,0,0,1,0,0,0,79112
15.6,4,5,6,2.04,0,0,0,1000,0,0,0,0,1,0,0,0,0,0,0,0,1,0,0,0,48399
15.6,1,16,8,2.3,0,1000,0,0,0,0,0,0,1,0,0,0,0,1,0,0,0,0,0,0,70927
11.6,1,10,2,1.17,0,0,0,0,32,0,0,1,0,0,0,0,0,0,0,0,1,0,0,0,18392
15.6,1,16,4,2.2,0,500,0,0,0,0,0,0,1,0,0,0,0,0,0,0,1,0,0,0,63388
14.0,4,16,4,1.8,1,0,128,0,0,1,0,0,0,0,0,0,0,0,0,0,1,0,0,0,56144
13.3,13,16,16,1.3,1,0,512,0,0,1,0,0,0,0,0,0,0,0,0,0,1,0,0,0,131912
14.0,1,10,2,1.5,0,0,0,0,64,0,0,0,1,0,0,0,0,0,0,0,1,0,0,0,20152
15.6,1,16,6,2.19,0,1000,0,0,0,0,0,0,1,0,0,0,0,0,0,0,1,0,0,0,67232
15.6,1,10,4,2.2,0,500,0,0,0,0,0,0,1,0,0,0,0,0,0,0,1,0,0,0,32472
13.3,4,11,8,1.2,0,0,512,0,0,0,0,0,0,1,0,0,0,0,0,0,1,0,0,0,64152
15.6,1,14,6,2.3,0,1000,0,0,0,0,0,0,1,0,0,0,0,0,0,0,1,0,0,0,40392
15.6,1,10,4,2.4,0,500,0,0,0,0,0,0,1,0,0,0,0,1,0,0,0,0,0,0,25432
15.6,1,10,2,2.2,0,500,0,0,0,0,0,0,1,0,0,0,0,0,0,0,1,0,0,0,33352
15.6,4,16,8,2.6,0,1000,0,0,0,0,0,0,1,0,0,0,0,0,0,0,1,0,0,0,79112
15.6,4,5,6,2.04,0,0,0,1000,0,0,0,0,1,0,0,0,0,0,0,0,1,0,0,0,48399
15.6,1,16,8,2.3,0,1000,0,0,0,0,0,0,1,0,0,0,0,1,0,0,0,0,0,0,70927
11.6,1,10,2,1.17,0,0,0,0,32,0,0,1,0,0,0,0,0,0,0,0,1,0,0,0,18392
15.6,1,16,4,2.2,0,500,0,0,0,0,0,0,1,0,0,0,0,0,0,0,1,0,0,0,63388
14.0,4,16,4,1.8,1,0,128,0,0,1,0,0,0,0,0,0,0,0,0,0,1,0,0,0,56144
13.3,13,16,16,1.3,1,0,512,0,0,1,0,0,0,0,0,0,0,0,0,0,1,0,0,0,131912
14.0,1,10,2,1.5,0,0,0,0,64,0,0,0,1,0,0,0,0,0,0,0,1,0,0,0,20152
15.6,1,16,6,2.19,0,1000,0,0,0,0,0,0,1,0,0,0,0,0,0,0,1,0,0,0,67232
15.6,1,10,4,2.2,0,500,0,0,0,0,0,0,1,0,0,0,0,0,0,0,1,0,0,0,32472
